.DS_Store,0
100_f82416a7690d3925.jpg,0
101_f82416a7690d3925.jpg,0
102_f82416a7690d3925.jpg,0
103_f82416a7690d3925.jpg,0
104_f82416a7690d3925.jpg,0
105_f82416a7690d3925.jpg,0
106_f82416a7690d3925.jpg,0
107_f82416a7690d3925.jpg,0
108_f82416a7690d3925.jpg,0
109_f82416a7690d3925.jpg,0
10_1eca8923924cd689.jpg,0
10_24f0be601c5ce347.jpg,0
10_27602c3c7474f0f4.jpg,0
10_2b587e2f6dc2e70c.jpg,0
10_2e4c2bbeebdd3379.jpg,0
10_33a0cdc87728fe26.jpg,0
10_36384f7b1ccb6d69.jpg,0
10_386ce429b126cf61.jpg,0
10_3a0add8d7b586daa.jpg,0
10_3fc9cd9eb54220a6.jpg,0
10_42d29a0569e97da4.jpg,0
10_477ac161d854a754.jpg,0
10_4a3f4936e9e233cb.jpg,0
10_4b581c074ee14f99.jpg,0
10_4ba00b9932827478.jpg,0
10_531f3c05dde112dd.jpg,0
10_5b53afb03864bf8b.jpg,0
10_5d5c557141283747.jpg,0
10_70f69c2d22d5c2b2.jpg,0
10_79e3e7a38ca4a32d.jpg,0
10_8693e56cd8b97ff8.jpg,0
10_8cec179024855f94.jpg,0
10_9c5a351a1190e7d4.jpg,0
10_9e113f0426d60aaf.jpg,0
10_b2a460f32b53cd30.jpg,0
10_b2d84891e874f6fc.jpg,0
10_c08f31f37a64691b.jpg,0
10_c2575883108fd661.jpg,0
10_d198cb7afca66a82.jpg,0
10_d6876ecb1c66f291.jpg,0
10_dea27fa62416fbb4.jpg,0
10_ef4e0d831941541e.jpg,0
10_f6eeaf1d23c23444.jpg,0
10_f82416a7690d3925.jpg,0
110_f82416a7690d3925.jpg,0
111_f82416a7690d3925.jpg,0
112_f82416a7690d3925.jpg,0
113_f82416a7690d3925.jpg,0
114_f82416a7690d3925.jpg,0
115_f82416a7690d3925.jpg,0
116_f82416a7690d3925.jpg,0
117_f82416a7690d3925.jpg,0
118_f82416a7690d3925.jpg,0
119_f82416a7690d3925.jpg,0
11_1eca8923924cd689.jpg,0
11_24f0be601c5ce347.jpg,0
11_27602c3c7474f0f4.jpg,0
11_36384f7b1ccb6d69.jpg,0
11_3a0add8d7b586daa.jpg,0
11_4a3f4936e9e233cb.jpg,0
11_4ba00b9932827478.jpg,0
11_531f3c05dde112dd.jpg,0
11_5d5c557141283747.jpg,0
11_70f69c2d22d5c2b2.jpg,0
11_79e3e7a38ca4a32d.jpg,0
11_bf5a8bbca38d4c97.jpg,0
11_c08f31f37a64691b.jpg,0
11_c2575883108fd661.jpg,0
11_d198cb7afca66a82.jpg,0
11_d6876ecb1c66f291.jpg,0
11_dc05dcefc570d755.jpg,0
11_dea27fa62416fbb4.jpg,0
11_ef4e0d831941541e.jpg,0
11_f6eeaf1d23c23444.jpg,0
11_f82416a7690d3925.jpg,0
120_f82416a7690d3925.jpg,0
121_f82416a7690d3925.jpg,0
122_f82416a7690d3925.jpg,0
123_f82416a7690d3925.jpg,0
124_f82416a7690d3925.jpg,0
125_f82416a7690d3925.jpg,0
126_f82416a7690d3925.jpg,0
127_f82416a7690d3925.jpg,0
128_f82416a7690d3925.jpg,0
129_f82416a7690d3925.jpg,0
12_1eca8923924cd689.jpg,0
12_27602c3c7474f0f4.jpg,0
12_4ba00b9932827478.jpg,0
12_531f3c05dde112dd.jpg,0
12_79e3e7a38ca4a32d.jpg,0
12_dc05dcefc570d755.jpg,0
12_dea27fa62416fbb4.jpg,0
12_f82416a7690d3925.jpg,0
13_1eca8923924cd689.jpg,0
13_27602c3c7474f0f4.jpg,0
13_4a3f4936e9e233cb.jpg,0
13_4ba00b9932827478.jpg,0
13_531f3c05dde112dd.jpg,0
13_79e3e7a38ca4a32d.jpg,0
13_dc05dcefc570d755.jpg,0
13_dea27fa62416fbb4.jpg,0
13_f82416a7690d3925.jpg,0
14_1eca8923924cd689.jpg,0
14_27602c3c7474f0f4.jpg,0
14_4a3f4936e9e233cb.jpg,0
14_4ba00b9932827478.jpg,0
14_531f3c05dde112dd.jpg,0
14_79e3e7a38ca4a32d.jpg,0
14_dc05dcefc570d755.jpg,0
14_dea27fa62416fbb4.jpg,0
14_f82416a7690d3925.jpg,0
15_4a3f4936e9e233cb.jpg,0
15_4ba00b9932827478.jpg,0
15_531f3c05dde112dd.jpg,0
15_79e3e7a38ca4a32d.jpg,0
15_dea27fa62416fbb4.jpg,0
15_f82416a7690d3925.jpg,0
16_4a3f4936e9e233cb.jpg,0
16_4ba00b9932827478.jpg,0
16_531f3c05dde112dd.jpg,0
16_9e113f0426d60aaf.jpg,0
16_f82416a7690d3925.jpg,0
17_4ba00b9932827478.jpg,0
17_79e3e7a38ca4a32d.jpg,0
17_dc05dcefc570d755.jpg,0
17_dea27fa62416fbb4.jpg,0
17_f82416a7690d3925.jpg,0
18_4a3f4936e9e233cb.jpg,0
18_4ba00b9932827478.jpg,0
18_531f3c05dde112dd.jpg,0
18_79e3e7a38ca4a32d.jpg,0
18_9e113f0426d60aaf.jpg,0
18_dc05dcefc570d755.jpg,0
18_dea27fa62416fbb4.jpg,0
18_f82416a7690d3925.jpg,0
19_4a3f4936e9e233cb.jpg,0
19_531f3c05dde112dd.jpg,0
19_79e3e7a38ca4a32d.jpg,0
19_9e113f0426d60aaf.jpg,0
19_dc05dcefc570d755.jpg,0
19_dea27fa62416fbb4.jpg,0
19_f82416a7690d3925.jpg,0
1_00695d43ffc3d286.jpg,0
1_0071a139e38fe405.jpg,0
1_01283048bd84fbf5.jpg,0
1_015f426e437e233e.jpg,0
1_0197d332c60f6bc5.jpg,0
1_01b42b21a35921af.jpg,0
1_0265eb6e99401b7b.jpg,0
1_027b41c1f4997682.jpg,0
1_036d56ba86730db7.jpg,0
1_043420601c594528.jpg,0
1_046e468c37ca0b7c.jpg,0
1_04886a16f1606e9b.jpg,0
1_04a61c63ac72de5d.jpg,0
1_04b5c75118d24591.jpg,0
1_05ec4645030fde26.jpg,0
1_0684e74c24d3f4a1.jpg,0
1_0820aa047e51811a.jpg,0
1_0865238bae41e4a2.jpg,0
1_0894f05954f6d665.jpg,0
1_08bcbdd2aee212b3.jpg,0
1_08d6c4046a9c3819.jpg,0
1_090ab26d1a5e0fee.jpg,0
1_0925982a1b4bb07f.jpg,0
1_0974b0c5d757e143.jpg,0
1_0b90554cea538080.jpg,0
1_0b932698d49fc16a.jpg,0
1_0bd3f72ead896ea1.jpg,0
1_0c5799890e848d8a.jpg,0
1_0c68d78ca923d05f.jpg,0
1_0cb239ef49ed9d50.jpg,0
1_0cdf6358a68b24cd.jpg,0
1_0db81d9c0b1726f8.jpg,0
1_0df047e7ab7eacd5.jpg,0
1_0ead749a1a025b02.jpg,0
1_0ec4230559a34754.jpg,0
1_0ef9839d497081cf.jpg,0
1_0f7f7e195d0caf75.jpg,0
1_0fc4c202e8cfd8a9.jpg,0
1_0ffb569501bc4302.jpg,0
1_104bbc2d843540be.jpg,0
1_106e203f01da2400.jpg,0
1_10d63c24632b732f.jpg,0
1_116cc3937c864b09.jpg,0
1_118c4b7a62b8bc72.jpg,0
1_1228372f0d12f270.jpg,0
1_133be730a6a7ef7c.jpg,0
1_13a891e06520de09.jpg,0
1_13b446087c646d87.jpg,0
1_13c61c85e0be6dad.jpg,0
1_143d4f061d1e5add.jpg,0
1_1483c731b12909d9.jpg,0
1_14b401286b5f3a5b.jpg,0
1_1517aad4d4dcaf1d.jpg,0
1_151ac37a9e95ba89.jpg,0
1_152514699e47101d.jpg,0
1_1535e44e74f34475.jpg,0
1_154a385d1af3f224.jpg,0
1_15b8a800daf1d25d.jpg,0
1_15cc6b372ecee7f8.jpg,0
1_16596ef68fa37e8c.jpg,0
1_174353ee1f9d33a2.jpg,0
1_18e21b8588da29d5.jpg,0
1_199ff16006ab26e7.jpg,0
1_1d5d0d09375532c0.jpg,0
1_1dc35558208b56e2.jpg,0
1_1dc6de9f29980898.jpg,0
1_1dea67284012ce7e.jpg,0
1_1df8ca4bc5c5247a.jpg,0
1_1eca8923924cd689.jpg,0
1_1edc3a15a7d4e8ab.jpg,0
1_1f2eba0a3f6dd9a6.jpg,0
1_1f986908a3b3668b.jpg,0
1_204e9f84b3679038.jpg,0
1_2070045cc6e41311.jpg,0
1_20cfd25918ef02bd.jpg,0
1_214f5e782f6ece32.jpg,0
1_2188b43cb3818572.jpg,0
1_22203f5dc17db35c.jpg,0
1_23715433ae3e2d96.jpg,0
1_241d52e97b230b77.jpg,0
1_24f0be601c5ce347.jpg,0
1_250a53f1fe7c8437.jpg,0
1_251e44fbaf1c6682.jpg,0
1_254d8ef1976131fc.jpg,0
1_258305181793e4b8.jpg,0
1_26c6779aae48f99e.jpg,0
1_2701a371d297316f.jpg,0
1_279c42cf17eeedce.jpg,0
1_27c9945070b0263d.jpg,0
1_28c2327c1045d0e9.jpg,0
1_28d210d29d99add0.jpg,0
1_2902043eb6135fdc.jpg,0
1_2a1ff40c0c507c84.jpg,0
1_2b49be226d0a3bc2.jpg,0
1_2b587e2f6dc2e70c.jpg,0
1_2b9b8dbd582d90ae.jpg,0
1_2d279f809c9acf68.jpg,0
1_2e4c2bbeebdd3379.jpg,0
1_2ecc326f7a9f6431.jpg,0
1_2f008b21392576e2.jpg,0
1_2f913f3724469a5e.jpg,0
1_2fdaeaf845fe4dfe.jpg,0
1_30556018ac3bde3e.jpg,0
1_309b69ac9f1455a9.jpg,0
1_318538eaddc52cd1.jpg,0
1_31fd074af7c78f2f.jpg,0
1_338a8693f9c709cf.jpg,0
1_33a0cdc87728fe26.jpg,0
1_33ba526e834db764.jpg,0
1_3425610e789e7108.jpg,0
1_342dbf56f07ca048.jpg,0
1_346da7568ab6d933.jpg,0
1_34890db345440e09.jpg,0
1_34fafaa980bac488.jpg,0
1_35342aeeafa21a61.jpg,0
1_3593bdf1711424ae.jpg,0
1_35a5bd1b2b4d99e0.jpg,0
1_35cd410d384ca9fb.jpg,0
1_35eb62e7bf0408c8.jpg,0
1_36343b839ad80ce4.jpg,0
1_36384f7b1ccb6d69.jpg,0
1_36454c65e35c415c.jpg,0
1_36670845b209b1cc.jpg,0
1_36e6d132430802ee.jpg,0
1_37b076a267bc98c8.jpg,0
1_37f9f3017dbfc4cb.jpg,0
1_386ce429b126cf61.jpg,0
1_39f082a70d9b3f54.jpg,0
1_3a0add8d7b586daa.jpg,0
1_3a14e89b999c4af2.jpg,0
1_3a30a49063628b8c.jpg,0
1_3a6b3787caa5529f.jpg,0
1_3afaecea3e6e815e.jpg,0
1_3b08691ff43fbf5a.jpg,0
1_3d4632b0a37da088.jpg,0
1_3d513d0fe269a42a.jpg,0
1_3d6fe4734097e0fd.jpg,0
1_3dc1bb367b873cd1.jpg,0
1_3e065df2e268de8c.jpg,0
1_3e4cfeec22108ef8.jpg,0
1_3ed0c4cde7cad1e1.jpg,0
1_3f48243eeedc2566.jpg,0
1_3f714da2e302d588.jpg,0
1_3fc9cd9eb54220a6.jpg,0
1_4115398d4e0bc389.jpg,0
1_41eae28b938e83f5.jpg,0
1_42c069d558a8a4ed.jpg,0
1_42d29a0569e97da4.jpg,0
1_430eec889dc36661.jpg,0
1_435d56e08437c90d.jpg,0
1_43caf3f0e52bd1cb.jpg,0
1_45064ee129a58e8d.jpg,0
1_4534c132dc5db9de.jpg,0
1_453a2c4c2c77b025.jpg,0
1_45715471af8070b1.jpg,0
1_45dfcb0729e1d6cf.jpg,0
1_46a446af05e7ade3.jpg,0
1_46a55952c0befd83.jpg,0
1_46ad21de65a05cdb.jpg,0
1_4702dfe15e2bc1c9.jpg,0
1_4735838802ede9d8.jpg,0
1_477ac161d854a754.jpg,0
1_4791665f7a241300.jpg,0
1_47a2349b39ae073b.jpg,0
1_487256f84c493d2f.jpg,0
1_48e6f2b2cb8477d7.jpg,0
1_49777d88f3e63139.jpg,0
1_4a3f4936e9e233cb.jpg,0
1_4a8fa2c0e79ccde8.jpg,0
1_4b017ded3ab22814.jpg,0
1_4b1f2060726d6223.jpg,0
1_4b581c074ee14f99.jpg,0
1_4b81e48b777dc327.jpg,0
1_4ba00b9932827478.jpg,0
1_4bc0fabadba5a6ec.jpg,0
1_4bd270ee67100cf3.jpg,0
1_4bf11008a25c35b7.jpg,0
1_4c0c2babab98a3a8.jpg,0
1_4c2f29e119df8b1b.jpg,0
1_4c5190d428aa65ab.jpg,0
1_4c8b858b38df1d23.jpg,0
1_4cf3378ca9e6152b.jpg,0
1_4cff82ee82b7c4c7.jpg,0
1_4df8855c74f4c2b6.jpg,0
1_4e39b162704e3806.jpg,0
1_4e92f027d54438f4.jpg,0
1_4ea7ad217988faee.jpg,0
1_4ed16088f75101d2.jpg,0
1_4ee9bd704af9983f.jpg,0
1_4f3d7f6ba1cd6fe6.jpg,0
1_50445917d2778d55.jpg,0
1_50a9cbe160d31ff4.jpg,0
1_50c2b81ffecd7faa.jpg,0
1_50e8a26240a98f3c.jpg,0
1_5120736521ee20e6.jpg,0
1_516bc20c269478ac.jpg,0
1_51f1b1df222f6903.jpg,0
1_52cb8151cf3e048f.jpg,0
1_531f3c05dde112dd.jpg,0
1_531facb15c4f136e.jpg,0
1_534017023ec1cd27.jpg,0
1_53ebcc18dce00dff.jpg,0
1_541c59f13999ad6c.jpg,0
1_542fe653c49176a5.jpg,0
1_547d718619fe1f39.jpg,0
1_551acbdf9800f4de.jpg,0
1_55741070d16907ac.jpg,0
1_558250ccdb85f070.jpg,0
1_55b6b571b8a333fe.jpg,0
1_56726a2bc5958a8f.jpg,0
1_56bb5aede6a8128d.jpg,0
1_5740b614ecc0f9d8.jpg,0
1_574de4d65d34c8f1.jpg,0
1_5750a1ee1c64d191.jpg,0
1_576a743f9efbcea4.jpg,0
1_59b4e96e5277a2a2.jpg,0
1_59c511df61de6bce.jpg,0
1_5a1bee84c1924dad.jpg,0
1_5a42c810aa7cd2d6.jpg,0
1_5a88e7a589af1b31.jpg,0
1_5aa45583363306fc.jpg,0
1_5abbb2fc75efa64e.jpg,0
1_5abdaf46d0f031c5.jpg,0
1_5b53afb03864bf8b.jpg,0
1_5d5c557141283747.jpg,0
1_5ddb2b5f7ec29f3d.jpg,0
1_5e5c9810fcb26f6f.jpg,0
1_5fd4040dfe8cb5ee.jpg,0
1_5ffa6e5dbf0f9b31.jpg,0
1_5ffc950a6e1ed522.jpg,0
1_61bf2205e2632b0c.jpg,0
1_621662b9ce9c40b5.jpg,0
1_635957e4eacf1003.jpg,0
1_639e922489c0d902.jpg,0
1_64d15c0e5714cea7.jpg,0
1_654f02f50c86dc6f.jpg,0
1_65b16d2bdee6d8c9.jpg,0
1_660b9463fb6598fb.jpg,0
1_66ba22e56e4f401d.jpg,0
1_66e753ad419e775d.jpg,0
1_67edada6e768b3c1.jpg,0
1_682508785525cfad.jpg,0
1_684473f798768fbc.jpg,0
1_6850632caf65cf4f.jpg,0
1_68b389b185232ad8.jpg,0
1_691fcd06eca7f464.jpg,0
1_6a2ffc2376bd2d2b.jpg,0
1_6bd2aba43f5584ae.jpg,0
1_6c9370b1ce4eefcc.jpg,0
1_6d31a9a532c47b6b.jpg,0
1_6d8619b943c92d4f.jpg,0
1_6da99422cd374fb2.jpg,0
1_6dbed6c244d04a9f.jpg,0
1_6de5fc72b45e09f1.jpg,0
1_6df2bf4f047c2ccc.jpg,0
1_6e5ec2f6e6b7174a.jpg,0
1_6e70d3bc8c5d8cb0.jpg,0
1_6e9b94d13783a3e8.jpg,0
1_6eb62d99c2e07e97.jpg,0
1_6eb74b1b3d9c97b5.jpg,0
1_6edbc27d061650b8.jpg,0
1_6f58a2c82030f254.jpg,0
1_6fbb5bb674b32adf.jpg,0
1_700b89c5cc0c00f1.jpg,0
1_70960c59fb1d94e3.jpg,0
1_70f69c2d22d5c2b2.jpg,0
1_714088a321922bdb.jpg,0
1_718449378f127106.jpg,0
1_719454ad93f923a4.jpg,0
1_7210013193ea6fe8.jpg,0
1_72102bf832e38d3d.jpg,0
1_724b6e22dc918877.jpg,0
1_7380968c36a0725b.jpg,0
1_73998966f44fb0ce.jpg,0
1_73daaf8b14306a78.jpg,0
1_7475190aa4ec009f.jpg,0
1_7497812045c1278d.jpg,0
1_74e104c3811a6a92.jpg,0
1_751781a5adf84429.jpg,0
1_755981da30a6e95f.jpg,0
1_7599c846c87ba358.jpg,0
1_75cd916caaf837e1.jpg,0
1_7601d333ccbd0bbd.jpg,0
1_767f16c6a72274b5.jpg,0
1_76b841b78f665139.jpg,0
1_77b9b1d4ab41a3a2.jpg,0
1_77f8fd8a4f1fa522.jpg,0
1_7821ddce17210d12.jpg,0
1_782ab5cf983385b7.jpg,0
1_784c0eff875158cc.jpg,0
1_7961f4ef41ee1759.jpg,0
1_79e3e7a38ca4a32d.jpg,0
1_7a1728cab8ccac5f.jpg,0
1_7a859411d467c415.jpg,0
1_7aa7dcf5a0c748ab.jpg,0
1_7abdee014103bccd.jpg,0
1_7b116aeeecee1345.jpg,0
1_7b5f748955f7cf02.jpg,0
1_7becac98011e195e.jpg,0
1_7c2c175b322d28de.jpg,0
1_7ca8c545eebc3e3e.jpg,0
1_7cb205fdefc5e08c.jpg,0
1_7ce5dc80c0b5400f.jpg,0
1_7d5f84898aa41dd3.jpg,0
1_7de345c70f337006.jpg,0
1_7e5a81b8fe5ca011.jpg,0
1_7ebfac8aa0231e89.jpg,0
1_7faecf8c274dc3d0.jpg,0
1_7fe826ad3bc60d4d.jpg,0
1_7feb348283ac9f81.jpg,0
1_8080b1dc267c1279.jpg,0
1_80f9987cfeaca1a0.jpg,0
1_8134558a5c35b563.jpg,0
1_81446848b0f39bf2.jpg,0
1_81661d59ee13eb73.jpg,0
1_816b14e20ebc97d2.jpg,0
1_822b9e090ef88adc.jpg,0
1_826809879ba31a2e.jpg,0
1_8432b6811400c48d.jpg,0
1_8480c4f158da4842.jpg,0
1_84c4f868f4c0d574.jpg,0
1_857368c490bc8b47.jpg,0
1_861f1603360d443d.jpg,0
1_862aae20eca6f3be.jpg,0
1_8688748b7adcf0e8.jpg,0
1_8834be5497e6ffe4.jpg,0
1_88df1ad4b7dbb619.jpg,0
1_88ed83257c98ffab.jpg,0
1_8911dba0a9663bcb.jpg,0
1_8943ac6c22bf723f.jpg,0
1_899de7fa4215c165.jpg,0
1_8a4b0c9e0d5c2edc.jpg,0
1_8a784f3d20b8dbdd.jpg,0
1_8a9851170b36f6c0.jpg,0
1_8bf6781349724268.jpg,0
1_8c033e18b7ee01b6.jpg,0
1_8cec179024855f94.jpg,0
1_8d201f7e310af500.jpg,0
1_8d277843d17c060a.jpg,0
1_8d4c40794abc3ab1.jpg,0
1_8da645bf9699f984.jpg,0
1_8e58506018b45c26.jpg,0
1_8f57a7447444b4d1.jpg,0
1_8f68832c698c782e.jpg,0
1_8ffc24186be7f843.jpg,0
1_901795f8562787ac.jpg,0
1_901e909c150cbc10.jpg,0
1_904476ad68eef415(Y).jpg,0
1_91b2ca5e94392efb.jpg,0
1_91b7b4bfded8efd3.jpg,0
1_92e1bcd94129c620.jpg,0
1_930982a4472b0718.jpg,0
1_938e1312c4b136dd.jpg,0
1_9474085c14a07f79.jpg,0
1_94b96ce173b86cd6.jpg,0
1_950a5fa80ac24910.jpg,0
1_950d7f371d043243.jpg,0
1_95950235a985c3dc.jpg,0
1_95b2a88073af5801.jpg,0
1_95cd1d657b4e4204.jpg,0
1_96a3a3d3e92988a6.jpg,0
1_977827ccd7ab6fb7.jpg,0
1_97f24865ecaedd4a.jpg,0
1_986820357d3267da.jpg,0
1_9885ce80d681eacb.jpg,0
1_9944db54d8e32840.jpg,0
1_99a6ea6c8e37b714.jpg,0
1_99dff5f1f7ddbcce.jpg,0
1_9a8d0f3689c97ea5.jpg,0
1_9abb90fd0b22c3ac.jpg,0
1_9b4944c7d724cf67.jpg,0
1_9b7ea68d67fd75b6.jpg,0
1_9d4404e0e2be6cf2.jpg,0
1_9de2c551ead4c54d.jpg,0
1_9e113f0426d60aaf.jpg,0
1_9e1bcaf429a66ded.jpg,0
1_9e1d55ea8b6a2323.jpg,0
1_9e6f7042ed50d988.jpg,0
1_9e7827247ae4e667.jpg,0
1_9f835a62f68f38ec.jpg,0
1_a0750ef82b8147da.jpg,0
1_a0808ee9f203760a.jpg,0
1_a1dd30586181c7c7.jpg,0
1_a22d2ad8349cd41d.jpg,0
1_a3e897e3779815f0.jpg,0
1_a3f4b9929331d4de.jpg,0
1_a42d3bda8502ae88.jpg,0
1_a51db2d7e3a6fd2b.jpg,0
1_a5a0ebedd818c78a.jpg,0
1_a5f52142a8f03b7b.jpg,0
1_a6353edd0a2449b2.jpg,0
1_a6795621fd8846b4.jpg,0
1_a6f91177b7f8509e.jpg,0
1_a7138e02454f327f.jpg,0
1_a7495b3b77db3d91.jpg,0
1_a7983501ca9127f3.jpg,0
1_a7a4f3cf31d12ca2.jpg,0
1_a7c2cd27c78c21ff.jpg,0
1_a7ef3b9e7c86a95f.jpg,0
1_a88c5ff52fad1855.jpg,0
1_a8e412ca8bc9745f.jpg,0
1_a989b6e8694c66a7.jpg,0
1_a9e29a05240d5f1b.jpg,0
1_aa6d71397bb0a43a.jpg,0
1_aa993d86ef7f3b6f.jpg,0
1_ab1393ea63cfac0a.jpg,0
1_ab3f44507123d283.jpg,0
1_ab54369391d53a09.jpg,0
1_abab1fe6288caccd.jpg,0
1_acf02d56fc29c720.jpg,0
1_acf4a346aeb25954.jpg,0
1_ada7dd3959a83a9f.jpg,0
1_ae4546eacbbc4c63.jpg,0
1_ae4e3f9dc5c35847.jpg,0
1_af1f313c28f9da3d.jpg,0
1_af23a843f9f511d4.jpg,0
1_af6a72e2341fc588.jpg,0
1_af8867721f6c08a3.jpg,0
1_afe3a69c68533d55.jpg,0
1_b05547c840d21484.jpg,0
1_b0c8bc4462adf3c2.jpg,0
1_b201cc8c456b35a3.jpg,0
1_b20ac89cfc2e5e9d.jpg,0
1_b2587531acad5dea.jpg,0
1_b2a460f32b53cd30.jpg,0
1_b2d84891e874f6fc.jpg,0
1_b3ab8dbed43f4b34.jpg,0
1_b3b87d9d59cce05b.jpg,0
1_b3ce2d7d57de928d.jpg,0
1_b42122cf7bdac8df.jpg,0
1_b5331859aeb05abd.jpg,0
1_b5d6d660f7505e85.jpg,0
1_b5e11b0783fdb630.jpg,0
1_b5eeba32c99df270.jpg,0
1_b6295bdf85645b72.jpg,0
1_b69e018cc124a22b.jpg,0
1_b6ea843c4925203c.jpg,0
1_b70fd78ab4bb9447.jpg,0
1_b7649e19f17220bd.jpg,0
1_b76b1596939244cf.jpg,0
1_b7b12c5b4dc6fd0c.jpg,0
1_b7f02e0dcd061a74.jpg,0
1_b966eb94ea9d6ed3.jpg,0
1_b9fd1720f0a92310.jpg,0
1_ba0061a4359458fc.jpg,0
1_ba42df1f5dd54fb6.jpg,0
1_ba5279d2fe85933b.jpg,0
1_ba8388acd69f7543.jpg,0
1_bb1f9f55653b75ad.jpg,0
1_bc4d6df509458407.jpg,0
1_bcc5082e88e022ae.jpg,0
1_bd0c8b33abfd34a2.jpg,0
1_bd316c6ec9735557.jpg,0
1_bd667155fc7a755d.jpg,0
1_bd76aa0f023d26fe.jpg,0
1_bdb80fc2b99933de.jpg,0
1_bebf326804b02656.jpg,0
1_bf14451d35b96625.jpg,0
1_bf498be03dfae931.jpg,0
1_bf5a8bbca38d4c97.jpg,0
1_bf76aa960ceadcd0.jpg,0
1_bf97554de54d89fa.jpg,0
1_c084c48c03e6b6ff.jpg,0
1_c08f31f37a64691b.jpg,0
1_c09b5dbd4273e872.jpg,0
1_c0f03b785e7317c5.jpg,0
1_c154313c9d7db07c.jpg,0
1_c1b879d5908e5e41.jpg,0
1_c1befc90f067d14a.jpg,0
1_c2575883108fd661.jpg,0
1_c2a13eb51933fdd4.jpg,0
1_c2bc0c3329608080.jpg,0
1_c2f2466ee036aa6c.jpg,0
1_c391e7556535bfcd.jpg,0
1_c3f3b073b0827a38.jpg,0
1_c45dddc69e9f7b61.jpg,0
1_c497b121033bafaa.jpg,0
1_c4c4deaad57cf656.jpg,0
1_c56cbc0ed5e89c07.jpg,0
1_c583db6410dca8fd.jpg,0
1_c5a66cb9a138494d.jpg,0
1_c60e1c93eef58d8b.jpg,0
1_c64c84173ebe9bf6.jpg,0
1_c74377f5a641e319.jpg,0
1_c76422251470abe2.jpg,0
1_c774db2a4725c81f.jpg,0
1_c7c27df20055e6c6.jpg,0
1_c853a292cd1aefca.jpg,0
1_c8f0948d3a9de9d6.jpg,0
1_c9ca93bb09e19207.jpg,0
1_ca7ca1c20d405ebd.jpg,0
1_cb05bda52735c2a1.jpg,0
1_cb2c61d66b719567.jpg,0
1_cb571f7333ac1f84.jpg,0
1_cd7ba39b2f043136.jpg,0
1_cd8ed61915c66cd6.jpg,0
1_ce8fb36513dc3db7.jpg,0
1_cee2db97f49295e3.jpg,0
1_cf6e7f97e985ee66.jpg,0
1_cf72a9dded0c1919.jpg,0
1_cfa8e1d3b48230b7.jpg,0
1_cfb983fa2aad20a4.jpg,0
1_cfe2703b7367fa69.jpg,0
1_d00fde6bb0acad55.jpg,0
1_d068acec955971c9.jpg,0
1_d1326f7d9637e40f.jpg,0
1_d198cb7afca66a82.jpg,0
1_d1ecdab98248ce33.jpg,0
1_d2c051d674dd5def.jpg,0
1_d35f7d588d847bb5.jpg,0
1_d424b0bf7e556cbb.jpg,0
1_d43ca50e5df35182.jpg,0
1_d5541954be5a4899.jpg,0
1_d55c299550011aa7.jpg,0
1_d5a5d71e7e742a75.jpg,0
1_d5b3a8ce18ec2268.jpg,0
1_d5cbdb12a97916fd.jpg,0
1_d60818deee6555e6.jpg,0
1_d629f09b44778c36.jpg,0
1_d63c67c4b78c16e2.jpg,0
1_d6876ecb1c66f291.jpg,0
1_d692ca3fff40bba5.jpg,0
1_d6f4ea261f546399.jpg,0
1_d712a9a6aad1f53a.jpg,0
1_d7171a0d62a08a37.jpg,0
1_d75e01e7e3549940.jpg,0
1_d7de4d0dd259a257.jpg,0
1_d7f6e2c369b768be.jpg,0
1_d8633252a36277a4.jpg,0
1_d8ad7dbbf33b18de.jpg,0
1_d8caf6e794e8314e.jpg,0
1_d90fd3c3ff7981ba.jpg,0
1_da65770ecae34916.jpg,0
1_db126c4d7e3bd4ac.jpg,0
1_dc05dcefc570d755.jpg,0
1_dcc31bf759a8ccb4.jpg,0
1_dcf908cc75bd690c.jpg,0
1_dd3e3434a9b7d294.jpg,0
1_dd4fa1681b34653a.jpg,0
1_de2964eedc57770e.jpg,0
1_de7145e24d3f54a8.jpg,0
1_dea27fa62416fbb4.jpg,0
1_dec1480d2a4c9285.jpg,0
1_df5c08303fec5d64.jpg,0
1_df7c1c59842e8e68.jpg,0
1_e18c5c7eb8b811ef.jpg,0
1_e2498c34b0d585dd.jpg,0
1_e2ad59a991302419.jpg,0
1_e2df620e15d193b0.jpg,0
1_e312b2846ab1973c.jpg,0
1_e39f530b0cbe0535.jpg,0
1_e3b862eaf3c83a5e.jpg,0
1_e3e1009f8bf5f243.jpg,0
1_e46914053eb1d122.jpg,0
1_e56a78f391e17d2c.jpg,0
1_e575f8449ec10e06.jpg,0
1_e5c63a90885f6658.jpg,0
1_e5c9ecce43425ac6.jpg,0
1_e64ca2660e8587cd.jpg,0
1_e6b2997fb2dcf3dd.jpg,0
1_e6e8c67192a53350.jpg,0
1_e71235126cec2ee8.jpg,0
1_e719f0bdca4f0610.jpg,0
1_e7697796ca4cc005.jpg,0
1_e781d3f044b08888.jpg,0
1_e7e3709bf56af370.jpg,0
1_e80f827d5bc68096.jpg,0
1_e9214351d1461bd7.jpg,0
1_e9986017a8bab775(g).jpg,0
1_ea6c98418b2be9fd.jpg,0
1_eaad0bf32bac47a1.jpg,0
1_eafadb5462d4db25.jpg,0
1_ec1feff15d42465b.jpg,0
1_ec38ec5fc5a025e0.jpg,0
1_ecbd6c539b2e33a7.jpg,0
1_ed9fd1a1711167b8.jpg,0
1_ee0f26b47bbb1f5b.jpg,0
1_ee74b23bc7f78e5f.jpg,0
1_ee93f143ce58fd0a.jpg,0
1_ef21197b1be27a9f.jpg,0
1_ef4e0d831941541e.jpg,0
1_f004a10f723b8f7d.jpg,0
1_f28c246dffd6cb26.jpg,0
1_f296de24b36916bc.jpg,0
1_f2a8953ba92c1733.jpg,0
1_f3eb7b0d79f4603d.jpg,0
1_f495456aaa31990a.jpg,0
1_f54e55a2f35e1918.jpg,0
1_f553ff4630faea9a.jpg,0
1_f6083c3e508636b5.jpg,0
1_f681a004323dc057.jpg,0
1_f6de02e5d3a311ca.jpg,0
1_f6eeaf1d23c23444.jpg,0
1_f70f2deca1873a4e.jpg,0
1_f75e5f9850ee9a08.jpg,0
1_f7c0c8a19f2b7699.jpg,0
1_f82416a7690d3925.jpg,0
1_f872b9f1196b3ed3.jpg,0
1_f8ef74cbaf181a55.jpg,0
1_f9494320077532c2.jpg,0
1_f96657a0372f2256.jpg,0
1_f9b3aa8fa7d3c7f7.jpg,0
1_f9c2b67a62785a55.jpg,0
1_f9cce12700e4dcb8.jpg,0
1_fa00c0dbba0cb29a.jpg,0
1_fa39fd94aa9d807b.jpg,0
1_fa59618743e60192.jpg,0
1_faf0199c1be362ba.jpg,0
1_fb02169b40d60461.jpg,0
1_fb7896f038de5983.jpg,0
1_fbb005b716c6b268.jpg,0
1_fbca5f347c552093.jpg,0
1_fc41bbc95bc8de5f.jpg,0
1_fc60c431e545bc20.jpg,0
1_fcef9ab7ec1e5e83.jpg,0
1_fe57d87065db8941.jpg,0
1_fe6c2aea9e8daae3.jpg,0
1_fe92310c207a7aa3.jpg,0
20_531f3c05dde112dd.jpg,0
20_79e3e7a38ca4a32d.jpg,0
20_9e113f0426d60aaf.jpg,0
20_dc05dcefc570d755.jpg,0
20_dea27fa62416fbb4.jpg,0
21_4a3f4936e9e233cb.jpg,0
21_531f3c05dde112dd.jpg,0
21_79e3e7a38ca4a32d.jpg,0
21_9e113f0426d60aaf.jpg,0
21_dc05dcefc570d755.jpg,0
21_dea27fa62416fbb4.jpg,0
21_f82416a7690d3925.jpg,0
22_4a3f4936e9e233cb.jpg,0
22_531f3c05dde112dd.jpg,0
22_79e3e7a38ca4a32d.jpg,0
22_9e113f0426d60aaf.jpg,0
22_dc05dcefc570d755.jpg,0
22_dea27fa62416fbb4.jpg,0
22_f82416a7690d3925.jpg,0
23_4a3f4936e9e233cb.jpg,0
23_531f3c05dde112dd.jpg,0
23_79e3e7a38ca4a32d.jpg,0
23_dea27fa62416fbb4.jpg,0
23_f82416a7690d3925.jpg,0
24_4a3f4936e9e233cb.jpg,0
24_531f3c05dde112dd.jpg,0
24_f82416a7690d3925.jpg,0
25_4a3f4936e9e233cb.jpg,0
25_531f3c05dde112dd.jpg,0
26_531f3c05dde112dd.jpg,0
27_4a3f4936e9e233cb.jpg,0
27_531f3c05dde112dd.jpg,0
28_4a3f4936e9e233cb.jpg,0
28_f82416a7690d3925.jpg,0
29_4a3f4936e9e233cb.jpg,0
29_531f3c05dde112dd.jpg,0
29_f82416a7690d3925.jpg,0
2_0071a139e38fe405.jpg,0
2_00867630c33e0500.jpg,0
2_01283048bd84fbf5.jpg,0
2_015f426e437e233e.jpg,0
2_0197d332c60f6bc5.jpg,0
2_01b42b21a35921af.jpg,0
2_027b41c1f4997682.jpg,0
2_036d56ba86730db7.jpg,0
2_043420601c594528.jpg,0
2_04792ff56b0eb66a.jpg,0
2_04886a16f1606e9b.jpg,0
2_04a61c63ac72de5d.jpg,0
2_04b5c75118d24591.jpg,0
2_05ec4645030fde26.jpg,0
2_0684e74c24d3f4a1.jpg,0
2_0820aa047e51811a.jpg,0
2_0865238bae41e4a2.jpg,0
2_0894f05954f6d665.jpg,0
2_08bcbdd2aee212b3.jpg,0
2_08d6c4046a9c3819.jpg,0
2_090ab26d1a5e0fee.jpg,0
2_0925982a1b4bb07f.jpg,0
2_0974b0c5d757e143.jpg,0
2_0b90554cea538080.jpg,0
2_0b932698d49fc16a.jpg,0
2_0bd3f72ead896ea1.jpg,0
2_0c5799890e848d8a.jpg,0
2_0c68d78ca923d05f.jpg,0
2_0cb239ef49ed9d50.jpg,0
2_0cdf6358a68b24cd.jpg,0
2_0db81d9c0b1726f8.jpg,0
2_0df047e7ab7eacd5.jpg,0
2_0ead749a1a025b02.jpg,0
2_0ec4230559a34754.jpg,0
2_0ef9839d497081cf.jpg,0
2_0f7f7e195d0caf75.jpg,0
2_0fc4c202e8cfd8a9.jpg,0
2_0ffb569501bc4302.jpg,0
2_104bbc2d843540be.jpg,0
2_106e203f01da2400.jpg,0
2_118c4b7a62b8bc72.jpg,0
2_1228372f0d12f270.jpg,0
2_123c2b3ad52add2a.jpg,0
2_133be730a6a7ef7c.jpg,0
2_13a891e06520de09.jpg,0
2_13b446087c646d87.jpg,0
2_13c61c85e0be6dad.jpg,0
2_143d4f061d1e5add.jpg,0
2_14b401286b5f3a5b.jpg,0
2_1517aad4d4dcaf1d.jpg,0
2_151ac37a9e95ba89.jpg,0
2_152514699e47101d.jpg,0
2_154a385d1af3f224.jpg,0
2_15b8a800daf1d25d.jpg,0
2_15cc6b372ecee7f8.jpg,0
2_16596ef68fa37e8c.jpg,0
2_18e21b8588da29d5.jpg,0
2_1d5d0d09375532c0.jpg,0
2_1db3658f151852ca.jpg,0
2_1dc35558208b56e2.jpg,0
2_1df8ca4bc5c5247a.jpg,0
2_1edc3a15a7d4e8ab.jpg,0
2_1f2eba0a3f6dd9a6.jpg,0
2_1f986908a3b3668b.jpg,0
2_204e9f84b3679038.jpg,0
2_20cfd25918ef02bd.jpg,0
2_21659114da515185.jpg,0
2_2188b43cb3818572.jpg,0
2_22203f5dc17db35c.jpg,0
2_241d52e97b230b77.jpg,0
2_24f0be601c5ce347.jpg,0
2_250a53f1fe7c8437.jpg,0
2_251e44fbaf1c6682.jpg,0
2_254d8ef1976131fc.jpg,0
2_258305181793e4b8.jpg,0
2_2701a371d297316f.jpg,0
2_27602c3c7474f0f4.jpg,0
2_279c42cf17eeedce.jpg,0
2_27c9945070b0263d.jpg,0
2_28c2327c1045d0e9.jpg,0
2_28d210d29d99add0.jpg,0
2_2902043eb6135fdc.jpg,0
2_2a1ff40c0c507c84.jpg,0
2_2b49be226d0a3bc2.jpg,0
2_2b587e2f6dc2e70c.jpg,0
2_2b9b8dbd582d90ae.jpg,0
2_2c7cf4b6aebf76d5.jpg,0
2_2cf71a0f24e2f91e.jpg,0
2_2d0e933a4750afce.jpg,0
2_2d279f809c9acf68.jpg,0
2_2e4c2bbeebdd3379.jpg,0
2_2ecc326f7a9f6431.jpg,0
2_2f008b21392576e2.jpg,0
2_2f913f3724469a5e.jpg,0
2_2fdaeaf845fe4dfe.jpg,0
2_300aef488d7c0d19.jpg,0
2_309b69ac9f1455a9.jpg,0
2_31fd074af7c78f2f.jpg,0
2_329c990d31b0c903.jpg,0
2_33a0cdc87728fe26.jpg,0
2_3425610e789e7108.jpg,0
2_342dbf56f07ca048.jpg,0
2_346da7568ab6d933.jpg,0
2_34fafaa980bac488.jpg,0
2_35201e16a2f36f72.jpg,0
2_3593bdf1711424ae.jpg,0
2_35a5bd1b2b4d99e0.jpg,0
2_35cd410d384ca9fb.jpg,0
2_35eb62e7bf0408c8.jpg,0
2_36384f7b1ccb6d69.jpg,0
2_36454c65e35c415c.jpg,0
2_36721b6448276646.jpg,0
2_36e6d132430802ee.jpg,0
2_37b076a267bc98c8.jpg,0
2_37f9f3017dbfc4cb.jpg,0
2_3816040fa1b28b0d.jpg,0
2_384880f5c0ea3eee.jpg,0
2_386ce429b126cf61.jpg,0
2_39c95a893000982b.jpg,0
2_39f082a70d9b3f54.jpg,0
2_3a0add8d7b586daa.jpg,0
2_3a14e89b999c4af2.jpg,0
2_3a30a49063628b8c.jpg,0
2_3a6b3787caa5529f.jpg,0
2_3afaecea3e6e815e.jpg,0
2_3d4632b0a37da088.jpg,0
2_3d513d0fe269a42a.jpg,0
2_3d6fe4734097e0fd.jpg,0
2_3dc1bb367b873cd1.jpg,0
2_3e4cfeec22108ef8.jpg,0
2_3f48243eeedc2566.jpg,0
2_3f714da2e302d588.jpg,0
2_3fc9cd9eb54220a6.jpg,0
2_4115398d4e0bc389.jpg,0
2_41eae28b938e83f5.jpg,0
2_42c069d558a8a4ed.jpg,0
2_42d29a0569e97da4.jpg,0
2_430eec889dc36661.jpg,0
2_435d56e08437c90d.jpg,0
2_43caf3f0e52bd1cb.jpg,0
2_45064ee129a58e8d.jpg,0
2_4534c132dc5db9de.jpg,0
2_453a2c4c2c77b025.jpg,0
2_45715471af8070b1.jpg,0
2_46a55952c0befd83.jpg,0
2_46ad21de65a05cdb.jpg,0
2_4702dfe15e2bc1c9.jpg,0
2_477ac161d854a754.jpg,0
2_4791665f7a241300.jpg,0
2_47a2349b39ae073b.jpg,0
2_4880f07142ce1e49.jpg,0
2_48e6f2b2cb8477d7.jpg,0
2_49777d88f3e63139.jpg,0
2_4a3f4936e9e233cb.jpg,0
2_4a792afbb93aed96.jpg,0
2_4a8fa2c0e79ccde8.jpg,0
2_4b581c074ee14f99.jpg,0
2_4b81e48b777dc327.jpg,0
2_4ba00b9932827478.jpg,0
2_4bc0fabadba5a6ec.jpg,0
2_4bd270ee67100cf3.jpg,0
2_4c0c2babab98a3a8.jpg,0
2_4c2f29e119df8b1b.jpg,0
2_4c5190d428aa65ab.jpg,0
2_4c8b858b38df1d23.jpg,0
2_4cf3378ca9e6152b.jpg,0
2_4cff82ee82b7c4c7.jpg,0
2_4df8855c74f4c2b6.jpg,0
2_4e39b162704e3806.jpg,0
2_4e92f027d54438f4.jpg,0
2_4ea7ad217988faee.jpg,0
2_4ee9bd704af9983f.jpg,0
2_50445917d2778d55.jpg,0
2_50a9cbe160d31ff4.jpg,0
2_50c2b81ffecd7faa.jpg,0
2_5120736521ee20e6.jpg,0
2_516bc20c269478ac.jpg,0
2_51f1b1df222f6903.jpg,0
2_52cb8151cf3e048f.jpg,0
2_531f3c05dde112dd.jpg,0
2_534017023ec1cd27.jpg,0
2_541c59f13999ad6c.jpg,0
2_547d718619fe1f39.jpg,0
2_55741070d16907ac.jpg,0
2_55b6b571b8a333fe.jpg,0
2_56726a2bc5958a8f.jpg,0
2_56bb5aede6a8128d.jpg,0
2_5740b614ecc0f9d8.jpg,0
2_574de4d65d34c8f1.jpg,0
2_5750a1ee1c64d191.jpg,0
2_576a743f9efbcea4.jpg,0
2_588b5fcac30f16fb.jpg,0
2_59b4e96e5277a2a2.jpg,0
2_59c511df61de6bce.jpg,0
2_5a1bee84c1924dad.jpg,0
2_5a42c810aa7cd2d6.jpg,0
2_5aa45583363306fc.jpg,0
2_5abbb2fc75efa64e.jpg,0
2_5b53afb03864bf8b.jpg,0
2_5d5c557141283747.jpg,0
2_5d6e9487604c7104.jpg,0
2_5ddb2b5f7ec29f3d.jpg,0
2_5e5c9810fcb26f6f.jpg,0
2_5e884936fd30f554.jpg,0
2_5fd4040dfe8cb5ee.jpg,0
2_5ffa6e5dbf0f9b31.jpg,0
2_61bf2205e2632b0c.jpg,0
2_61e780546f7cc04c.jpg,0
2_621662b9ce9c40b5.jpg,0
2_635957e4eacf1003.jpg,0
2_639e922489c0d902.jpg,0
2_64d15c0e5714cea7.jpg,0
2_654f02f50c86dc6f.jpg,0
2_65b16d2bdee6d8c9.jpg,0
2_660b9463fb6598fb.jpg,0
2_66ba22e56e4f401d.jpg,0
2_66e753ad419e775d.jpg,0
2_67edada6e768b3c1.jpg,0
2_682508785525cfad.jpg,0
2_684473f798768fbc.jpg,0
2_68b389b185232ad8.jpg,0
2_691fcd06eca7f464.jpg,0
2_6a2ffc2376bd2d2b.jpg,0
2_6c9370b1ce4eefcc.jpg,0
2_6d31a9a532c47b6b.jpg,0
2_6d56dcee489b72ff.jpg,0
2_6da99422cd374fb2.jpg,0
2_6de5fc72b45e09f1.jpg,0
2_6e5ec2f6e6b7174a.jpg,0
2_6e70d3bc8c5d8cb0.jpg,0
2_6e9b94d13783a3e8.jpg,0
2_6eb74b1b3d9c97b5.jpg,0
2_6edbc27d061650b8.jpg,0
2_6f58a2c82030f254.jpg,0
2_6f67158e74f9b7fd.jpg,0
2_6fbb5bb674b32adf.jpg,0
2_700b89c5cc0c00f1.jpg,0
2_70f69c2d22d5c2b2.jpg,0
2_714088a321922bdb.jpg,0
2_718449378f127106.jpg,0
2_7210013193ea6fe8.jpg,0
2_72102bf832e38d3d.jpg,0
2_724b6e22dc918877.jpg,0
2_72c45dc16e4fd8b0.jpg,0
2_7380968c36a0725b.jpg,0
2_73998966f44fb0ce.jpg,0
2_73daaf8b14306a78.jpg,0
2_7475190aa4ec009f.jpg,0
2_7497812045c1278d.jpg,0
2_74e104c3811a6a92.jpg,0
2_751781a5adf84429.jpg,0
2_755981da30a6e95f.jpg,0
2_7599c846c87ba358.jpg,0
2_75bbd240d97210d4.jpg,0
2_75cd916caaf837e1.jpg,0
2_7601d333ccbd0bbd.jpg,0
2_767f16c6a72274b5.jpg,0
2_76b841b78f665139.jpg,0
2_77b9b1d4ab41a3a2.jpg,0
2_77f8fd8a4f1fa522.jpg,0
2_7821ddce17210d12.jpg,0
2_782ab5cf983385b7.jpg,0
2_784c0eff875158cc.jpg,0
2_7961f4ef41ee1759.jpg,0
2_79e3e7a38ca4a32d.jpg,0
2_7a1728cab8ccac5f.jpg,0
2_7a859411d467c415.jpg,0
2_7abdee014103bccd.jpg,0
2_7b116aeeecee1345.jpg,0
2_7b5f748955f7cf02.jpg,0
2_7c2c175b322d28de.jpg,0
2_7c65d10e6e7ec496.jpg,0
2_7cb205fdefc5e08c.jpg,0
2_7ce5dc80c0b5400f.jpg,0
2_7d5f84898aa41dd3.jpg,0
2_7de345c70f337006.jpg,0
2_7faecf8c274dc3d0.jpg,0
2_7fe826ad3bc60d4d.jpg,0
2_7feb348283ac9f81.jpg,0
2_8080b1dc267c1279.jpg,0
2_80bbf66d0917e5a8.jpg,0
2_80f9987cfeaca1a0.jpg,0
2_8134558a5c35b563.jpg,0
2_81446848b0f39bf2.jpg,0
2_816b14e20ebc97d2.jpg,0
2_822b9e090ef88adc.jpg,0
2_826809879ba31a2e.jpg,0
2_8432b6811400c48d.jpg,0
2_8480c4f158da4842.jpg,0
2_862aae20eca6f3be.jpg,0
2_8688748b7adcf0e8.jpg,0
2_8757154029d0a593.jpg,0
2_8834be5497e6ffe4.jpg,0
2_88ed83257c98ffab.jpg,0
2_8911dba0a9663bcb.jpg,0
2_8943ac6c22bf723f.jpg,0
2_899de7fa4215c165.jpg,0
2_8a4b0c9e0d5c2edc.jpg,0
2_8a784f3d20b8dbdd.jpg,0
2_8bf6781349724268.jpg,0
2_8c033e18b7ee01b6.jpg,0
2_8cec179024855f94.jpg,0
2_8cfb0bd900c660ea.jpg,0
2_8d201f7e310af500.jpg,0
2_8f57a7447444b4d1.jpg,0
2_8ffc24186be7f843.jpg,0
2_901795f8562787ac.jpg,0
2_901e909c150cbc10.jpg,0
2_904476ad68eef415.jpg,0
2_91b2ca5e94392efb.jpg,0
2_91b7b4bfded8efd3.jpg,0
2_92e1bcd94129c620.jpg,0
2_938e1312c4b136dd.jpg,0
2_9474085c14a07f79.jpg,0
2_94b96ce173b86cd6.jpg,0
2_950a5fa80ac24910.jpg,0
2_950d7f371d043243.jpg,0
2_95b2a88073af5801.jpg,0
2_96a3a3d3e92988a6.jpg,0
2_977827ccd7ab6fb7.jpg,0
2_97f24865ecaedd4a.jpg,0
2_986820357d3267da.jpg,0
2_9885ce80d681eacb.jpg,0
2_99624131d7a10628.jpg,0
2_99a6ea6c8e37b714.jpg,0
2_99dff5f1f7ddbcce.jpg,0
2_9a8d0f3689c97ea5.jpg,0
2_9abb90fd0b22c3ac.jpg,0
2_9c5a351a1190e7d4.jpg,0
2_9d4404e0e2be6cf2.jpg,0
2_9dbed97635dc7a13.jpg,0
2_9de2c551ead4c54d.jpg,0
2_9e113f0426d60aaf.jpg,0
2_9e1bcaf429a66ded.jpg,0
2_9e1d55ea8b6a2323.jpg,0
2_9e6f7042ed50d988.jpg,0
2_9e7827247ae4e667.jpg,0
2_9f835a62f68f38ec.jpg,0
2_a0750ef82b8147da.jpg,0
2_a0808ee9f203760a.jpg,0
2_a130b09a01183cda.jpg,0
2_a1dd30586181c7c7.jpg,0
2_a22d2ad8349cd41d.jpg,0
2_a3e897e3779815f0.jpg,0
2_a5f52142a8f03b7b.jpg,0
2_a6353edd0a2449b2.jpg,0
2_a6795621fd8846b4.jpg,0
2_a6f91177b7f8509e.jpg,0
2_a7138e02454f327f.jpg,0
2_a73cfd13d51db9e2.jpg,0
2_a7495b3b77db3d91.jpg,0
2_a7983501ca9127f3.jpg,0
2_a7a8e902f054cedd.jpg,0
2_a7c2cd27c78c21ff.jpg,0
2_a7ef3b9e7c86a95f.jpg,0
2_a88c5ff52fad1855.jpg,0
2_a8e412ca8bc9745f.jpg,0
2_a989b6e8694c66a7.jpg,0
2_a9e29a05240d5f1b.jpg,0
2_aa6d71397bb0a43a.jpg,0
2_aa993d86ef7f3b6f.jpg,0
2_ab1393ea63cfac0a.jpg,0
2_ab3f44507123d283.jpg,0
2_ab54369391d53a09.jpg,0
2_abab1fe6288caccd.jpg,0
2_ac94a2ea5c1ea835.jpg,0
2_acf02d56fc29c720.jpg,0
2_ada7dd3959a83a9f.jpg,0
2_adc2494b948b647b.jpg,0
2_ae4546eacbbc4c63.jpg,0
2_ae4e3f9dc5c35847.jpg,0
2_af1f313c28f9da3d.jpg,0
2_af23a843f9f511d4.jpg,0
2_af6a72e2341fc588.jpg,0
2_af8867721f6c08a3.jpg,0
2_afe3a69c68533d55.jpg,0
2_b0c8bc4462adf3c2.jpg,0
2_b201cc8c456b35a3.jpg,0
2_b20ac89cfc2e5e9d.jpg,0
2_b2587531acad5dea.jpg,0
2_b2a460f32b53cd30.jpg,0
2_b2d84891e874f6fc.jpg,0
2_b3ab8dbed43f4b34.jpg,0
2_b3b87d9d59cce05b.jpg,0
2_b42122cf7bdac8df.jpg,0
2_b5d6d660f7505e85.jpg,0
2_b6295bdf85645b72.jpg,0
2_b6ea843c4925203c.jpg,0
2_b70fd78ab4bb9447.jpg,0
2_b76b1596939244cf.jpg,0
2_b7b12c5b4dc6fd0c.jpg,0
2_b7f02e0dcd061a74.jpg,0
2_b966eb94ea9d6ed3.jpg,0
2_b9fd1720f0a92310.jpg,0
2_ba0061a4359458fc.jpg,0
2_ba42df1f5dd54fb6.jpg,0
2_ba5279d2fe85933b.jpg,0
2_ba8388acd69f7543.jpg,0
2_bb1f9f55653b75ad.jpg,0
2_bc4d6df509458407.jpg,0
2_bcc5082e88e022ae.jpg,0
2_bd0c8b33abfd34a2.jpg,0
2_bd10a561b5b50610.jpg,0
2_bd316c6ec9735557.jpg,0
2_bd667155fc7a755d.jpg,0
2_bd76aa0f023d26fe.jpg,0
2_bdb80fc2b99933de.jpg,0
2_bebf326804b02656.jpg,0
2_bf498be03dfae931.jpg,0
2_bf5a8bbca38d4c97.jpg,0
2_c084c48c03e6b6ff.jpg,0
2_c08f31f37a64691b.jpg,0
2_c0f03b785e7317c5.jpg,0
2_c154313c9d7db07c.jpg,0
2_c1b879d5908e5e41.jpg,0
2_c2575883108fd661.jpg,0
2_c2bc0c3329608080.jpg,0
2_c2f2466ee036aa6c.jpg,0
2_c391e7556535bfcd.jpg,0
2_c3f3b073b0827a38.jpg,0
2_c45dddc69e9f7b61.jpg,0
2_c497b121033bafaa.jpg,0
2_c4c4deaad57cf656.jpg,0
2_c56cbc0ed5e89c07.jpg,0
2_c583db6410dca8fd.jpg,0
2_c60e1c93eef58d8b.jpg,0
2_c74377f5a641e319.jpg,0
2_c76422251470abe2.jpg,0
2_c7c27df20055e6c6.jpg,0
2_c853a292cd1aefca.jpg,0
2_c8f0948d3a9de9d6.jpg,0
2_c9ca93bb09e19207.jpg,0
2_ca7ca1c20d405ebd.jpg,0
2_cb2c61d66b719567.jpg,0
2_cb571f7333ac1f84.jpg,0
2_cd7ba39b2f043136.jpg,0
2_cd8ed61915c66cd6.jpg,0
2_ce8fb36513dc3db7.jpg,0
2_cf6e7f97e985ee66.jpg,0
2_cf72a9dded0c1919.jpg,0
2_cfa8e1d3b48230b7.jpg,0
2_cfb983fa2aad20a4.jpg,0
2_cfe2703b7367fa69.jpg,0
2_d00fde6bb0acad55.jpg,0
2_d068acec955971c9.jpg,0
2_d1326f7d9637e40f.jpg,0
2_d198cb7afca66a82.jpg,0
2_d1ecdab98248ce33.jpg,0
2_d2c051d674dd5def.jpg,0
2_d424b0bf7e556cbb.jpg,0
2_d43ca50e5df35182.jpg,0
2_d55c299550011aa7.jpg,0
2_d5a5d71e7e742a75.jpg,0
2_d5b3a8ce18ec2268.jpg,0
2_d5cbdb12a97916fd.jpg,0
2_d60818deee6555e6.jpg,0
2_d629f09b44778c36.jpg,0
2_d6876ecb1c66f291.jpg,0
2_d692ca3fff40bba5.jpg,0
2_d6f4ea261f546399.jpg,0
2_d712a9a6aad1f53a.jpg,0
2_d7171a0d62a08a37.jpg,0
2_d75e01e7e3549940.jpg,0
2_d7de4d0dd259a257.jpg,0
2_d7f6e2c369b768be.jpg,0
2_d8633252a36277a4.jpg,0
2_d8ad7dbbf33b18de.jpg,0
2_d8caf6e794e8314e.jpg,0
2_d90fd3c3ff7981ba.jpg,0
2_da1f7a8a45bb02a1.jpg,0
2_da65770ecae34916.jpg,0
2_da837144e81a7bda.jpg,0
2_dc05dcefc570d755.jpg,0
2_dcc31bf759a8ccb4.jpg,0
2_de2964eedc57770e.jpg,0
2_de7145e24d3f54a8.jpg,0
2_dea27fa62416fbb4.jpg,0
2_dec1480d2a4c9285.jpg,0
2_df7c1c59842e8e68.jpg,0
2_e18c5c7eb8b811ef.jpg,0
2_e2498c34b0d585dd.jpg,0
2_e2df620e15d193b0.jpg,0
2_e312b2846ab1973c.jpg,0
2_e39f530b0cbe0535.jpg,0
2_e3b862eaf3c83a5e.jpg,0
2_e46914053eb1d122.jpg,0
2_e575f8449ec10e06.jpg,0
2_e5c63a90885f6658.jpg,0
2_e5c9ecce43425ac6.jpg,0
2_e64ca2660e8587cd.jpg,0
2_e6e8c67192a53350.jpg,0
2_e719f0bdca4f0610.jpg,0
2_e7697796ca4cc005.jpg,0
2_e781d3f044b08888.jpg,0
2_e7e3709bf56af370.jpg,0
2_e80f827d5bc68096.jpg,0
2_e9214351d1461bd7.jpg,0
2_e9986017a8bab775.jpg,0
2_ea6c98418b2be9fd.jpg,0
2_eafadb5462d4db25.jpg,0
2_ec1feff15d42465b.jpg,0
2_ecbd6c539b2e33a7.jpg,0
2_ed9fd1a1711167b8.jpg,0
2_ee0f26b47bbb1f5b.jpg,0
2_ee74b23bc7f78e5f.jpg,0
2_ee93f143ce58fd0a.jpg,0
2_ef014bd4ef84bd28.jpg,0
2_ef21197b1be27a9f.jpg,0
2_ef4e0d831941541e.jpg,0
2_f004a10f723b8f7d.jpg,0
2_f0c3cc548c31c175.jpg,0
2_f2a8953ba92c1733.jpg,0
2_f3eb7b0d79f4603d.jpg,0
2_f444cfd9c8c9bde5.jpg,0
2_f495456aaa31990a.jpg,0
2_f54e55a2f35e1918.jpg,0
2_f553ff4630faea9a.jpg,0
2_f681a004323dc057.jpg,0
2_f6de02e5d3a311ca.jpg,0
2_f6eeaf1d23c23444.jpg,0
2_f70f2deca1873a4e.jpg,0
2_f7c0c8a19f2b7699.jpg,0
2_f82416a7690d3925.jpg,0
2_f872b9f1196b3ed3.jpg,0
2_f8dae9bc17e3e5be.jpg,0
2_f9494320077532c2.jpg,0
2_f96657a0372f2256.jpg,0
2_f9b3aa8fa7d3c7f7.jpg,0
2_f9c2b67a62785a55.jpg,0
2_fa59618743e60192.jpg,0
2_faa69cfeb89904af.jpg,0
2_faf0199c1be362ba.jpg,0
2_fb02169b40d60461.jpg,0
2_fb7896f038de5983(Y).jpg,0
2_fbb005b716c6b268.jpg,0
2_fbca5f347c552093.jpg,0
2_fc41bbc95bc8de5f.jpg,0
2_fc60c431e545bc20.jpg,0
2_fd723cddf51f31e9.jpg,0
2_fe57d87065db8941.jpg,0
2_fe6c2aea9e8daae3.jpg,0
2_fe92310c207a7aa3.jpg,0
2_ff9df7f5f20fef12.jpg,0
30_4a3f4936e9e233cb.jpg,0
30_531f3c05dde112dd.jpg,0
30_f82416a7690d3925.jpg,0
31_4a3f4936e9e233cb.jpg,0
31_531f3c05dde112dd.jpg,0
31_f82416a7690d3925.jpg,0
32_4a3f4936e9e233cb.jpg,0
32_531f3c05dde112dd.jpg,0
32_f82416a7690d3925.jpg,0
33_4a3f4936e9e233cb.jpg,0
33_531f3c05dde112dd.jpg,0
33_f82416a7690d3925.jpg,0
34_4a3f4936e9e233cb.jpg,0
34_531f3c05dde112dd.jpg,0
34_f82416a7690d3925.jpg,0
35_4a3f4936e9e233cb.jpg,0
35_531f3c05dde112dd.jpg,0
35_f82416a7690d3925.jpg,0
36_531f3c05dde112dd.jpg,0
36_f82416a7690d3925.jpg,0
37_531f3c05dde112dd.jpg,0
37_f82416a7690d3925.jpg,0
38_531f3c05dde112dd.jpg,0
38_f82416a7690d3925.jpg,0
39_531f3c05dde112dd.jpg,0
39_f82416a7690d3925.jpg,0
3_00867630c33e0500.jpg,0
3_015f426e437e233e.jpg,0
3_0197d332c60f6bc5.jpg,0
3_01b42b21a35921af.jpg,0
3_0265eb6e99401b7b.jpg,0
3_036d56ba86730db7.jpg,0
3_043420601c594528.jpg,0
3_04886a16f1606e9b.jpg,0
3_04a61c63ac72de5d.jpg,0
3_04b5c75118d24591.jpg,0
3_0684e74c24d3f4a1.jpg,0
3_0820aa047e51811a.jpg,0
3_08438c38f7c796c5.jpg,0
3_0865238bae41e4a2.jpg,0
3_0894f05954f6d665.jpg,0
3_08bcbdd2aee212b3.jpg,0
3_08d6c4046a9c3819.jpg,0
3_090ab26d1a5e0fee.jpg,0
3_0974b0c5d757e143.jpg,0
3_0b932698d49fc16a.jpg,0
3_0c5799890e848d8a.jpg,0
3_0c68d78ca923d05f.jpg,0
3_0cdf6358a68b24cd.jpg,0
3_0db81d9c0b1726f8.jpg,0
3_0df047e7ab7eacd5.jpg,0
3_0ef9839d497081cf.jpg,0
3_0f7f7e195d0caf75.jpg,0
3_0fc4c202e8cfd8a9.jpg,0
3_0ffb569501bc4302.jpg,0
3_104bbc2d843540be.jpg,0
3_106e203f01da2400.jpg,0
3_10d63c24632b732f.jpg,0
3_1228372f0d12f270.jpg,0
3_133be730a6a7ef7c.jpg,0
3_13b446087c646d87.jpg,0
3_143d4f061d1e5add.jpg,0
3_14b401286b5f3a5b.jpg,0
3_1517aad4d4dcaf1d.jpg,0
3_151ac37a9e95ba89.jpg,0
3_1535e44e74f34475.jpg,0
3_15b8a800daf1d25d.jpg,0
3_15cc6b372ecee7f8.jpg,0
3_16596ef68fa37e8c.jpg,0
3_1dc6de9f29980898.jpg,0
3_1dea67284012ce7e.jpg,0
3_1df8ca4bc5c5247a.jpg,0
3_1f2eba0a3f6dd9a6.jpg,0
3_1f986908a3b3668b.jpg,0
3_204e9f84b3679038.jpg,0
3_20cfd25918ef02bd.jpg,0
3_2188b43cb3818572.jpg,0
3_24f0be601c5ce347.jpg,0
3_251e44fbaf1c6682.jpg,0
3_258305181793e4b8.jpg,0
3_2701a371d297316f.jpg,0
3_279c42cf17eeedce.jpg,0
3_27c9945070b0263d.jpg,0
3_28d210d29d99add0.jpg,0
3_2902043eb6135fdc.jpg,0
3_2a1ff40c0c507c84.jpg,0
3_2b49be226d0a3bc2.jpg,0
3_2b587e2f6dc2e70c.jpg,0
3_2b9b8dbd582d90ae.jpg,0
3_2c7cf4b6aebf76d5.jpg,0
3_2d0e933a4750afce.jpg,0
3_2d279f809c9acf68.jpg,0
3_2e4c2bbeebdd3379.jpg,0
3_2ecc326f7a9f6431.jpg,0
3_2f008b21392576e2.jpg,0
3_2f913f3724469a5e.jpg,0
3_2fdaeaf845fe4dfe.jpg,0
3_31fd074af7c78f2f.jpg,0
3_338a8693f9c709cf.jpg,0
3_33a0cdc87728fe26.jpg,0
3_33ba526e834db764.jpg,0
3_3425610e789e7108.jpg,0
3_342dbf56f07ca048.jpg,0
3_346da7568ab6d933.jpg,0
3_34fafaa980bac488.jpg,0
3_3593bdf1711424ae.jpg,0
3_35a5bd1b2b4d99e0.jpg,0
3_35cd410d384ca9fb.jpg,0
3_35eb62e7bf0408c8.jpg,0
3_36343b839ad80ce4.jpg,0
3_36384f7b1ccb6d69.jpg,0
3_36454c65e35c415c.jpg,0
3_36721b6448276646.jpg,0
3_36e6d132430802ee.jpg,0
3_37b076a267bc98c8.jpg,0
3_3816040fa1b28b0d.jpg,0
3_384880f5c0ea3eee.jpg,0
3_386ce429b126cf61.jpg,0
3_3a0add8d7b586daa.jpg,0
3_3a14e89b999c4af2.jpg,0
3_3a30a49063628b8c.jpg,0
3_3afaecea3e6e815e.jpg,0
3_3d4632b0a37da088.jpg,0
3_3d513d0fe269a42a.jpg,0
3_3d6fe4734097e0fd.jpg,0
3_3dc1bb367b873cd1.jpg,0
3_3e065df2e268de8c.jpg,0
3_3e4cfeec22108ef8.jpg,0
3_3f48243eeedc2566.jpg,0
3_3f714da2e302d588.jpg,0
3_3fc9cd9eb54220a6.jpg,0
3_4115398d4e0bc389.jpg,0
3_42c069d558a8a4ed.jpg,0
3_42d29a0569e97da4.jpg,0
3_430eec889dc36661.jpg,0
3_43caf3f0e52bd1cb.jpg,0
3_45064ee129a58e8d.jpg,0
3_453a2c4c2c77b025.jpg,0
3_45715471af8070b1.jpg,0
3_46a446af05e7ade3.jpg,0
3_46a55952c0befd83.jpg,0
3_46ad21de65a05cdb.jpg,0
3_4702dfe15e2bc1c9.jpg,0
3_4735838802ede9d8.jpg,0
3_477ac161d854a754.jpg,0
3_4791665f7a241300.jpg,0
3_47a2349b39ae073b.jpg,0
3_48e6f2b2cb8477d7.jpg,0
3_49777d88f3e63139.jpg,0
3_4a3f4936e9e233cb.jpg,0
3_4a792afbb93aed96.jpg,0
3_4a8fa2c0e79ccde8.jpg,0
3_4b581c074ee14f99.jpg,0
3_4b81e48b777dc327.jpg,0
3_4ba00b9932827478.jpg,0
3_4bd270ee67100cf3.jpg,0
3_4c0c2babab98a3a8.jpg,0
3_4c2f29e119df8b1b.jpg,0
3_4c5190d428aa65ab.jpg,0
3_4c8b858b38df1d23.jpg,0
3_4cf3378ca9e6152b.jpg,0
3_4cff82ee82b7c4c7.jpg,0
3_4df8855c74f4c2b6.jpg,0
3_4e39b162704e3806.jpg,0
3_4e92f027d54438f4.jpg,0
3_4ea7ad217988faee.jpg,0
3_50445917d2778d55.jpg,0
3_50a9cbe160d31ff4.jpg,0
3_516bc20c269478ac.jpg,0
3_51f1b1df222f6903.jpg,0
3_52cb8151cf3e048f.jpg,0
3_531f3c05dde112dd.jpg,0
3_534017023ec1cd27.jpg,0
3_541c59f13999ad6c.jpg,0
3_542fe653c49176a5.jpg,0
3_547d718619fe1f39.jpg,0
3_55741070d16907ac.jpg,0
3_56726a2bc5958a8f.jpg,0
3_5740b614ecc0f9d8.jpg,0
3_5750a1ee1c64d191.jpg,0
3_576a743f9efbcea4.jpg,0
3_588b5fcac30f16fb.jpg,0
3_59b4e96e5277a2a2.jpg,0
3_5a1bee84c1924dad.jpg,0
3_5a42c810aa7cd2d6.jpg,0
3_5abbb2fc75efa64e.jpg,0
3_5abdaf46d0f031c5.jpg,0
3_5b53afb03864bf8b.jpg,0
3_5d5c557141283747.jpg,0
3_5d6e9487604c7104.jpg,0
3_5ddb2b5f7ec29f3d.jpg,0
3_5e884936fd30f554.jpg,0
3_5fd4040dfe8cb5ee.jpg,0
3_5ffa6e5dbf0f9b31.jpg,0
3_61bf2205e2632b0c.jpg,0
3_621662b9ce9c40b5.jpg,0
3_635957e4eacf1003.jpg,0
3_639e922489c0d902.jpg,0
3_64d15c0e5714cea7.jpg,0
3_654f02f50c86dc6f.jpg,0
3_65b16d2bdee6d8c9.jpg,0
3_660b9463fb6598fb.jpg,0
3_66ba22e56e4f401d.jpg,0
3_684473f798768fbc.jpg,0
3_6850632caf65cf4f.jpg,0
3_68b389b185232ad8.jpg,0
3_691fcd06eca7f464.jpg,0
3_6a2ffc2376bd2d2b.jpg,0
3_6d31a9a532c47b6b.jpg,0
3_6d56dcee489b72ff.jpg,0
3_6da99422cd374fb2.jpg,0
3_6de5fc72b45e09f1.jpg,0
3_6df2bf4f047c2ccc.jpg,0
3_6e5ec2f6e6b7174a.jpg,0
3_6e70d3bc8c5d8cb0.jpg,0
3_6e9b94d13783a3e8.jpg,0
3_6eb74b1b3d9c97b5.jpg,0
3_6edbc27d061650b8.jpg,0
3_6f58a2c82030f254.jpg,0
3_6f67158e74f9b7fd.jpg,0
3_6fbb5bb674b32adf.jpg,0
3_700b89c5cc0c00f1.jpg,0
3_70f69c2d22d5c2b2.jpg,0
3_714088a321922bdb.jpg,0
3_718449378f127106.jpg,0
3_719454ad93f923a4.jpg,0
3_7210013193ea6fe8.jpg,0
3_72102bf832e38d3d.jpg,0
3_724b6e22dc918877.jpg,0
3_72c45dc16e4fd8b0.jpg,0
3_7380968c36a0725b.jpg,0
3_73daaf8b14306a78.jpg,0
3_7475190aa4ec009f.jpg,0
3_7497812045c1278d.jpg,0
3_74e104c3811a6a92.jpg,0
3_751781a5adf84429.jpg,0
3_755981da30a6e95f.jpg,0
3_7599c846c87ba358.jpg,0
3_75cd916caaf837e1.jpg,0
3_7601d333ccbd0bbd.jpg,0
3_767f16c6a72274b5.jpg,0
3_76b841b78f665139.jpg,0
3_77b9b1d4ab41a3a2.jpg,0
3_782ab5cf983385b7.jpg,0
3_784c0eff875158cc.jpg,0
3_7961f4ef41ee1759.jpg,0
3_79e3e7a38ca4a32d.jpg,0
3_7a1728cab8ccac5f.jpg,0
3_7abdee014103bccd.jpg,0
3_7b5f748955f7cf02.jpg,0
3_7becac98011e195e.jpg,0
3_7c2c175b322d28de.jpg,0
3_7c65d10e6e7ec496.jpg,0
3_7cb205fdefc5e08c.jpg,0
3_7ce5dc80c0b5400f.jpg,0
3_7d5f84898aa41dd3.jpg,0
3_7de345c70f337006.jpg,0
3_7faecf8c274dc3d0.jpg,0
3_7fe826ad3bc60d4d.jpg,0
3_80bbf66d0917e5a8.jpg,0
3_8134558a5c35b563.jpg,0
3_81446848b0f39bf2.jpg,0
3_81661d59ee13eb73.jpg,0
3_826809879ba31a2e.jpg,0
3_8480c4f158da4842.jpg,0
3_857368c490bc8b47.jpg,0
3_862aae20eca6f3be.jpg,0
3_8688748b7adcf0e8.jpg,0
3_8693e56cd8b97ff8.jpg,0
3_8834be5497e6ffe4.jpg,0
3_88ed83257c98ffab.jpg,0
3_8943ac6c22bf723f.jpg,0
3_899de7fa4215c165.jpg,0
3_8a4b0c9e0d5c2edc.jpg,0
3_8a784f3d20b8dbdd.jpg,0
3_8bf6781349724268.jpg,0
3_8c033e18b7ee01b6.jpg,0
3_8cec179024855f94.jpg,0
3_8cfb0bd900c660ea.jpg,0
3_8d201f7e310af500.jpg,0
3_8d4c40794abc3ab1.jpg,0
3_8f57a7447444b4d1.jpg,0
3_901795f8562787ac.jpg,0
3_901e909c150cbc10.jpg,0
3_904476ad68eef415.jpg,0
3_92e1bcd94129c620.jpg,0
3_938e1312c4b136dd.jpg,0
3_94b96ce173b86cd6.jpg,0
3_950a5fa80ac24910.jpg,0
3_950d7f371d043243.jpg,0
3_95950235a985c3dc.jpg,0
3_96a3a3d3e92988a6.jpg,0
3_977827ccd7ab6fb7.jpg,0
3_986820357d3267da.jpg,0
3_9885ce80d681eacb.jpg,0
3_99624131d7a10628.jpg,0
3_99dff5f1f7ddbcce.jpg,0
3_9abb90fd0b22c3ac.jpg,0
3_9d4404e0e2be6cf2.jpg,0
3_9dbed97635dc7a13.jpg,0
3_9de2c551ead4c54d.jpg,0
3_9e113f0426d60aaf.jpg,0
3_9e1bcaf429a66ded.jpg,0
3_9e1d55ea8b6a2323.jpg,0
3_9e6f7042ed50d988.jpg,0
3_9e7827247ae4e667.jpg,0
3_9f835a62f68f38ec.jpg,0
3_a1dd30586181c7c7.jpg,0
3_a22d2ad8349cd41d.jpg,0
3_a3e897e3779815f0.jpg,0
3_a4e8691c85dfc305.jpg,0
3_a5a0ebedd818c78a.jpg,0
3_a5f52142a8f03b7b.jpg,0
3_a6353edd0a2449b2.jpg,0
3_a6f91177b7f8509e.jpg,0
3_a7138e02454f327f.jpg,0
3_a7983501ca9127f3.jpg,0
3_a7c2cd27c78c21ff.jpg,0
3_a7ef3b9e7c86a95f.jpg,0
3_a88c5ff52fad1855.jpg,0
3_a8e412ca8bc9745f.jpg,0
3_a9e29a05240d5f1b.jpg,0
3_aa6d71397bb0a43a.jpg,0
3_aa993d86ef7f3b6f.jpg,0
3_ab1393ea63cfac0a.jpg,0
3_ab3f44507123d283.jpg,0
3_ab54369391d53a09.jpg,0
3_abab1fe6288caccd.jpg,0
3_ac94a2ea5c1ea835.jpg,0
3_acf02d56fc29c720.jpg,0
3_acf4a346aeb25954.jpg,0
3_ada7dd3959a83a9f.jpg,0
3_ae4546eacbbc4c63.jpg,0
3_af23a843f9f511d4.jpg,0
3_af6a72e2341fc588.jpg,0
3_af8867721f6c08a3.jpg,0
3_afe3a69c68533d55.jpg,0
3_b0c8bc4462adf3c2.jpg,0
3_b201cc8c456b35a3.jpg,0
3_b285743040fc052d.jpg,0
3_b2a460f32b53cd30.jpg,0
3_b2d84891e874f6fc.jpg,0
3_b42122cf7bdac8df.jpg,0
3_b5e696a152e23e4b.jpg,0
3_b6ea843c4925203c.jpg,0
3_b70fd78ab4bb9447.jpg,0
3_b76b1596939244cf.jpg,0
3_b7b12c5b4dc6fd0c.jpg,0
3_b7f02e0dcd061a74.jpg,0
3_b966eb94ea9d6ed3.jpg,0
3_ba42df1f5dd54fb6.jpg,0
3_ba5279d2fe85933b.jpg,0
3_ba8388acd69f7543.jpg,0
3_bb1f9f55653b75ad.jpg,0
3_bc4d6df509458407.jpg,0
3_bcc5082e88e022ae.jpg,0
3_bd0c8b33abfd34a2.jpg,0
3_bd316c6ec9735557.jpg,0
3_bd667155fc7a755d.jpg,0
3_bd76aa0f023d26fe.jpg,0
3_bdb80fc2b99933de.jpg,0
3_bf498be03dfae931.jpg,0
3_c084c48c03e6b6ff.jpg,0
3_c08f31f37a64691b.jpg,0
3_c09b5dbd4273e872.jpg,0
3_c0f03b785e7317c5.jpg,0
3_c154313c9d7db07c.jpg,0
3_c1b879d5908e5e41.jpg,0
3_c2575883108fd661.jpg,0
3_c2a13eb51933fdd4.jpg,0
3_c2bc0c3329608080.jpg,0
3_c2f2466ee036aa6c.jpg,0
3_c3babadd928fb5c8.jpg,0
3_c3f3b073b0827a38.jpg,0
3_c45dddc69e9f7b61.jpg,0
3_c497b121033bafaa.jpg,0
3_c4c4deaad57cf656.jpg,0
3_c56cbc0ed5e89c07.jpg,0
3_c583db6410dca8fd.jpg,0
3_c5a66cb9a138494d.jpg,0
3_c60e1c93eef58d8b.jpg,0
3_c74377f5a641e319.jpg,0
3_c76422251470abe2.jpg,0
3_c7c27df20055e6c6.jpg,0
3_c853a292cd1aefca.jpg,0
3_ca7ca1c20d405ebd.jpg,0
3_cb2c61d66b719567.jpg,0
3_cd7ba39b2f043136.jpg,0
3_ce8fb36513dc3db7.jpg,0
3_cee2db97f49295e3.jpg,0
3_cf6e7f97e985ee66.jpg,0
3_cf72a9dded0c1919.jpg,0
3_cfa8e1d3b48230b7.jpg,0
3_cfb983fa2aad20a4.jpg,0
3_cfe2703b7367fa69.jpg,0
3_d00fde6bb0acad55.jpg,0
3_d068acec955971c9.jpg,0
3_d1326f7d9637e40f.jpg,0
3_d198cb7afca66a82.jpg,0
3_d1ecdab98248ce33.jpg,0
3_d2c051d674dd5def.jpg,0
3_d37d677ae0602400.jpg,0
3_d43ca50e5df35182.jpg,0
3_d55c299550011aa7.jpg,0
3_d5a5d71e7e742a75.jpg,0
3_d5b3a8ce18ec2268.jpg,0
3_d5cbdb12a97916fd.jpg,0
3_d60818deee6555e6.jpg,0
3_d629f09b44778c36.jpg,0
3_d6876ecb1c66f291.jpg,0
3_d692ca3fff40bba5.jpg,0
3_d6f4ea261f546399.jpg,0
3_d712a9a6aad1f53a.jpg,0
3_d7171a0d62a08a37.jpg,0
3_d7de4d0dd259a257.jpg,0
3_d7f6e2c369b768be.jpg,0
3_d8ad7dbbf33b18de.jpg,0
3_d8caf6e794e8314e.jpg,0
3_d90fd3c3ff7981ba.jpg,0
3_da65770ecae34916.jpg,0
3_dc05dcefc570d755.jpg,0
3_dcf908cc75bd690c.jpg,0
3_dd3e3434a9b7d294.jpg,0
3_de2964eedc57770e.jpg,0
3_de46aae36fa909fb.jpg,0
3_de7145e24d3f54a8.jpg,0
3_dea27fa62416fbb4.jpg,0
3_dec1480d2a4c9285.jpg,0
3_df7c1c59842e8e68.jpg,0
3_e2498c34b0d585dd.jpg,0
3_e2ad59a991302419.jpg,0
3_e2df620e15d193b0.jpg,0
3_e312b2846ab1973c.jpg,0
3_e46914053eb1d122.jpg,0
3_e575f8449ec10e06.jpg,0
3_e5c9ecce43425ac6.jpg,0
3_e64ca2660e8587cd.jpg,0
3_e6b2997fb2dcf3dd.jpg,0
3_e71235126cec2ee8.jpg,0
3_e719f0bdca4f0610.jpg,0
3_e781d3f044b08888.jpg,0
3_e7e3709bf56af370.jpg,0
3_e80f827d5bc68096.jpg,0
3_e9986017a8bab775.jpg,0
3_ea6c98418b2be9fd.jpg,0
3_eafadb5462d4db25.jpg,0
3_ec1feff15d42465b.jpg,0
3_ec38ec5fc5a025e0.jpg,0
3_ed9fd1a1711167b8.jpg,0
3_ee021b6099f7392d.jpg,0
3_ee0f26b47bbb1f5b.jpg,0
3_ee74b23bc7f78e5f.jpg,0
3_ee93f143ce58fd0a.jpg,0
3_ef21197b1be27a9f.jpg,0
3_ef4e0d831941541e.jpg,0
3_f004a10f723b8f7d.jpg,0
3_f0f9f4049b57bf36.jpg,0
3_f2a8953ba92c1733.jpg,0
3_f3eb7b0d79f4603d.jpg,0
3_f495456aaa31990a.jpg,0
3_f54e55a2f35e1918.jpg,0
3_f553ff4630faea9a.jpg,0
3_f681a004323dc057.jpg,0
3_f6de02e5d3a311ca.jpg,0
3_f6eeaf1d23c23444.jpg,0
3_f70f2deca1873a4e.jpg,0
3_f7c0c8a19f2b7699.jpg,0
3_f82416a7690d3925.jpg,0
3_f872b9f1196b3ed3.jpg,0
3_f9494320077532c2.jpg,0
3_f96657a0372f2256.jpg,0
3_f9b3aa8fa7d3c7f7.jpg,0
3_fa59618743e60192.jpg,0
3_faa69cfeb89904af.jpg,0
3_faf0199c1be362ba.jpg,0
3_fb02169b40d60461.jpg,0
3_fb7896f038de5983.jpg,0
3_fbb005b716c6b268.jpg,0
3_fbca5f347c552093.jpg,0
3_fc60c431e545bc20.jpg,0
3_fcbd2db5d34cb191.jpg,0
3_fe57d87065db8941.jpg,0
3_fe92310c207a7aa3.jpg,0
40_f82416a7690d3925.jpg,0
41_531f3c05dde112dd.jpg,0
41_f82416a7690d3925.jpg,0
42_531f3c05dde112dd.jpg,0
42_f82416a7690d3925.jpg,0
43_531f3c05dde112dd.jpg,0
43_f82416a7690d3925.jpg,0
44_531f3c05dde112dd.jpg,0
44_f82416a7690d3925.jpg,0
45_531f3c05dde112dd.jpg,0
45_f82416a7690d3925.jpg,0
46_531f3c05dde112dd.jpg,0
46_f82416a7690d3925.jpg,0
47_531f3c05dde112dd.jpg,0
48_531f3c05dde112dd.jpg,0
49_531f3c05dde112dd.jpg,0
4_00867630c33e0500.jpg,0
4_015f426e437e233e.jpg,0
4_0197d332c60f6bc5.jpg,0
4_01b42b21a35921af.jpg,0
4_036d56ba86730db7.jpg,0
4_043420601c594528.jpg,0
4_04792ff56b0eb66a.jpg,0
4_04886a16f1606e9b.jpg,0
4_04a61c63ac72de5d.jpg,0
4_0684e74c24d3f4a1.jpg,0
4_08438c38f7c796c5.jpg,0
4_0865238bae41e4a2.jpg,0
4_0894f05954f6d665.jpg,0
4_08bcbdd2aee212b3.jpg,0
4_090ab26d1a5e0fee.jpg,0
4_0974b0c5d757e143.jpg,0
4_0b932698d49fc16a.jpg,0
4_0c5799890e848d8a.jpg,0
4_0db81d9c0b1726f8.jpg,0
4_0df047e7ab7eacd5.jpg,0
4_0ef9839d497081cf.jpg,0
4_0ffb569501bc4302.jpg,0
4_104bbc2d843540be.jpg,0
4_1228372f0d12f270.jpg,0
4_133be730a6a7ef7c.jpg,0
4_14b401286b5f3a5b.jpg,0
4_1517aad4d4dcaf1d.jpg,0
4_151ac37a9e95ba89.jpg,0
4_15cc6b372ecee7f8.jpg,0
4_16596ef68fa37e8c.jpg,0
4_18e21b8588da29d5.jpg,0
4_1dc35558208b56e2.jpg,0
4_1dc6de9f29980898.jpg,0
4_1dea67284012ce7e.jpg,0
4_1df8ca4bc5c5247a.jpg,0
4_1f986908a3b3668b.jpg,0
4_204e9f84b3679038.jpg,0
4_20cfd25918ef02bd.jpg,0
4_2188b43cb3818572.jpg,0
4_24f0be601c5ce347.jpg,0
4_251e44fbaf1c6682.jpg,0
4_258305181793e4b8.jpg,0
4_27602c3c7474f0f4.jpg,0
4_279c42cf17eeedce.jpg,0
4_27c9945070b0263d.jpg,0
4_28d210d29d99add0.jpg,0
4_2902043eb6135fdc.jpg,0
4_2a1ff40c0c507c84.jpg,0
4_2b49be226d0a3bc2.jpg,0
4_2b587e2f6dc2e70c.jpg,0
4_2b9b8dbd582d90ae.jpg,0
4_2d0e933a4750afce.jpg,0
4_2d279f809c9acf68.jpg,0
4_2e4c2bbeebdd3379.jpg,0
4_2f008b21392576e2.jpg,0
4_2f913f3724469a5e.jpg,0
4_2fdaeaf845fe4dfe.jpg,0
4_31fd074af7c78f2f.jpg,0
4_338a8693f9c709cf.jpg,0
4_33a0cdc87728fe26.jpg,0
4_3425610e789e7108.jpg,0
4_342dbf56f07ca048.jpg,0
4_346da7568ab6d933.jpg,0
4_34fafaa980bac488.jpg,0
4_35a5bd1b2b4d99e0.jpg,0
4_35cd410d384ca9fb.jpg,0
4_35eb62e7bf0408c8.jpg,0
4_36384f7b1ccb6d69.jpg,0
4_36721b6448276646.jpg,0
4_36e6d132430802ee.jpg,0
4_37b076a267bc98c8.jpg,0
4_37f9f3017dbfc4cb.jpg,0
4_386ce429b126cf61.jpg,0
4_39f082a70d9b3f54.jpg,0
4_3a0add8d7b586daa.jpg,0
4_3a14e89b999c4af2.jpg,0
4_3d4632b0a37da088.jpg,0
4_3d513d0fe269a42a.jpg,0
4_3d6fe4734097e0fd.jpg,0
4_3dc1bb367b873cd1.jpg,0
4_3f48243eeedc2566.jpg,0
4_3f714da2e302d588.jpg,0
4_3fc9cd9eb54220a6.jpg,0
4_4115398d4e0bc389.jpg,0
4_42c069d558a8a4ed.jpg,0
4_42d29a0569e97da4.jpg,0
4_430eec889dc36661.jpg,0
4_43caf3f0e52bd1cb.jpg,0
4_453a2c4c2c77b025.jpg,0
4_46a55952c0befd83.jpg,0
4_46ad21de65a05cdb.jpg,0
4_4702dfe15e2bc1c9.jpg,0
4_477ac161d854a754.jpg,0
4_4791665f7a241300.jpg,0
4_47a2349b39ae073b.jpg,0
4_49777d88f3e63139.jpg,0
4_4a3f4936e9e233cb.jpg,0
4_4a792afbb93aed96.jpg,0
4_4a8fa2c0e79ccde8.jpg,0
4_4b581c074ee14f99.jpg,0
4_4b81e48b777dc327.jpg,0
4_4ba00b9932827478.jpg,0
4_4bd270ee67100cf3.jpg,0
4_4c2f29e119df8b1b.jpg,0
4_4c5190d428aa65ab.jpg,0
4_4df8855c74f4c2b6.jpg,0
4_4e39b162704e3806.jpg,0
4_4e92f027d54438f4.jpg,0
4_50445917d2778d55.jpg,0
4_50a9cbe160d31ff4.jpg,0
4_516bc20c269478ac.jpg,0
4_51f1b1df222f6903.jpg,0
4_52cb8151cf3e048f.jpg,0
4_531f3c05dde112dd.jpg,0
4_547d718619fe1f39.jpg,0
4_5740b614ecc0f9d8.jpg,0
4_5750a1ee1c64d191.jpg,0
4_576a743f9efbcea4.jpg,0
4_59b4e96e5277a2a2.jpg,0
4_5a1bee84c1924dad.jpg,0
4_5a42c810aa7cd2d6.jpg,0
4_5b53afb03864bf8b.jpg,0
4_5c165db5a457b678.jpg,0
4_5d5c557141283747.jpg,0
4_5d6e9487604c7104.jpg,0
4_5ddb2b5f7ec29f3d.jpg,0
4_5e884936fd30f554.jpg,0
4_5fd4040dfe8cb5ee.jpg,0
4_5ffa6e5dbf0f9b31.jpg,0
4_621662b9ce9c40b5.jpg,0
4_635957e4eacf1003.jpg,0
4_639e922489c0d902.jpg,0
4_64d15c0e5714cea7.jpg,0
4_654f02f50c86dc6f.jpg,0
4_65b16d2bdee6d8c9.jpg,0
4_660b9463fb6598fb.jpg,0
4_66ba22e56e4f401d.jpg,0
4_684473f798768fbc.jpg,0
4_6850632caf65cf4f.jpg,0
4_68b389b185232ad8.jpg,0
4_691fcd06eca7f464.jpg,0
4_6d31a9a532c47b6b.jpg,0
4_6d56dcee489b72ff.jpg,0
4_6da99422cd374fb2.jpg,0
4_6de5fc72b45e09f1.jpg,0
4_6e5ec2f6e6b7174a.jpg,0
4_6edbc27d061650b8.jpg,0
4_6f58a2c82030f254.jpg,0
4_6f67158e74f9b7fd.jpg,0
4_6fbb5bb674b32adf.jpg,0
4_714088a321922bdb.jpg,0
4_718449378f127106.jpg,0
4_719454ad93f923a4.jpg,0
4_7210013193ea6fe8.jpg,0
4_724b6e22dc918877.jpg,0
4_7380968c36a0725b.jpg,0
4_7475190aa4ec009f.jpg,0
4_7497812045c1278d.jpg,0
4_74e104c3811a6a92.jpg,0
4_7599c846c87ba358.jpg,0
4_75cd916caaf837e1.jpg,0
4_7601d333ccbd0bbd.jpg,0
4_767f16c6a72274b5.jpg,0
4_76b841b78f665139.jpg,0
4_77b9b1d4ab41a3a2.jpg,0
4_77f8fd8a4f1fa522.jpg,0
4_782ab5cf983385b7.jpg,0
4_784c0eff875158cc.jpg,0
4_7961f4ef41ee1759.jpg,0
4_79e3e7a38ca4a32d.jpg,0
4_7abdee014103bccd.jpg,0
4_7b116aeeecee1345.jpg,0
4_7b5f748955f7cf02.jpg,0
4_7c2c175b322d28de.jpg,0
4_7ce5dc80c0b5400f.jpg,0
4_7d5f84898aa41dd3.jpg,0
4_80bbf66d0917e5a8.jpg,0
4_8134558a5c35b563.jpg,0
4_81446848b0f39bf2.jpg,0
4_8480c4f158da4842.jpg,0
4_862aae20eca6f3be.jpg,0
4_8688748b7adcf0e8.jpg,0
4_8693e56cd8b97ff8.jpg,0
4_8757154029d0a593.jpg,0
4_8834be5497e6ffe4.jpg,0
4_88ed83257c98ffab.jpg,0
4_899de7fa4215c165.jpg,0
4_8a784f3d20b8dbdd.jpg,0
4_8bf6781349724268.jpg,0
4_8cec179024855f94.jpg,0
4_8cfb0bd900c660ea.jpg,0
4_8d201f7e310af500.jpg,0
4_8d4c40794abc3ab1.jpg,0
4_8f57a7447444b4d1.jpg,0
4_901795f8562787ac.jpg,0
4_904476ad68eef415.jpg,0
4_92e1bcd94129c620.jpg,0
4_938e1312c4b136dd.jpg,0
4_94b96ce173b86cd6.jpg,0
4_950a5fa80ac24910.jpg,0
4_950d7f371d043243.jpg,0
4_96a3a3d3e92988a6.jpg,0
4_977827ccd7ab6fb7.jpg,0
4_97f24865ecaedd4a.jpg,0
4_9885ce80d681eacb.jpg,0
4_99624131d7a10628.jpg,0
4_99dff5f1f7ddbcce.jpg,0
4_9a8d0f3689c97ea5.jpg,0
4_9abb90fd0b22c3ac.jpg,0
4_9c5a351a1190e7d4.jpg,0
4_9d4404e0e2be6cf2.jpg,0
4_9de2c551ead4c54d.jpg,0
4_9e1bcaf429a66ded.jpg,0
4_9e1d55ea8b6a2323.jpg,0
4_9e6f7042ed50d988.jpg,0
4_9e7827247ae4e667.jpg,0
4_9f835a62f68f38ec.jpg,0
4_a1dd30586181c7c7.jpg,0
4_a22d2ad8349cd41d.jpg,0
4_a3e897e3779815f0.jpg,0
4_a42d3bda8502ae88.jpg,0
4_a7138e02454f327f.jpg,0
4_a7c2cd27c78c21ff.jpg,0
4_a7ef3b9e7c86a95f.jpg,0
4_a88c5ff52fad1855.jpg,0
4_a9e29a05240d5f1b.jpg,0
4_aa993d86ef7f3b6f.jpg,0
4_ab1393ea63cfac0a.jpg,0
4_ab54369391d53a09.jpg,0
4_abab1fe6288caccd.jpg,0
4_acf02d56fc29c720.jpg,0
4_ae4546eacbbc4c63.jpg,0
4_af23a843f9f511d4.jpg,0
4_af8867721f6c08a3.jpg,0
4_afe3a69c68533d55.jpg,0
4_b0c8bc4462adf3c2.jpg,0
4_b201cc8c456b35a3.jpg,0
4_b2a460f32b53cd30.jpg,0
4_b2d84891e874f6fc.jpg,0
4_b5331859aeb05abd.jpg,0
4_b5d6d660f7505e85.jpg,0
4_b69e018cc124a22b.jpg,0
4_b6ea843c4925203c.jpg,0
4_b70fd78ab4bb9447.jpg,0
4_b76b1596939244cf.jpg,0
4_b7b12c5b4dc6fd0c.jpg,0
4_b966eb94ea9d6ed3.jpg,0
4_ba5279d2fe85933b.jpg,0
4_ba8388acd69f7543.jpg,0
4_bb1f9f55653b75ad.jpg,0
4_bc4d6df509458407.jpg,0
4_bcc5082e88e022ae.jpg,0
4_bd0c8b33abfd34a2.jpg,0
4_bd316c6ec9735557.jpg,0
4_bd667155fc7a755d.jpg,0
4_bd76aa0f023d26fe.jpg,0
4_bdb80fc2b99933de.jpg,0
4_bf498be03dfae931.jpg,0
4_bf76aa960ceadcd0.jpg,0
4_c084c48c03e6b6ff.jpg,0
4_c08f31f37a64691b.jpg,0
4_c0f03b785e7317c5.jpg,0
4_c1b879d5908e5e41.jpg,0
4_c2575883108fd661.jpg,0
4_c2a13eb51933fdd4.jpg,0
4_c2f2466ee036aa6c.jpg,0
4_c391e7556535bfcd.jpg,0
4_c45dddc69e9f7b61.jpg,0
4_c497b121033bafaa.jpg,0
4_c4c4deaad57cf656.jpg,0
4_c583db6410dca8fd.jpg,0
4_c5a66cb9a138494d.jpg,0
4_c60e1c93eef58d8b.jpg,0
4_c74377f5a641e319.jpg,0
4_c76422251470abe2.jpg,0
4_c7c27df20055e6c6.jpg,0
4_ca7ca1c20d405ebd.jpg,0
4_cb2c61d66b719567.jpg,0
4_cd7ba39b2f043136.jpg,0
4_ce8fb36513dc3db7.jpg,0
4_cf6e7f97e985ee66.jpg,0
4_cf72a9dded0c1919.jpg,0
4_cfa8e1d3b48230b7.jpg,0
4_cfb983fa2aad20a4.jpg,0
4_cfe2703b7367fa69.jpg,0
4_d00fde6bb0acad55.jpg,0
4_d068acec955971c9.jpg,0
4_d1326f7d9637e40f.jpg,0
4_d1ecdab98248ce33.jpg,0
4_d424b0bf7e556cbb.jpg,0
4_d43ca50e5df35182.jpg,0
4_d55c299550011aa7.jpg,0
4_d5a5d71e7e742a75.jpg,0
4_d5b3a8ce18ec2268.jpg,0
4_d5cbdb12a97916fd.jpg,0
4_d60818deee6555e6.jpg,0
4_d629f09b44778c36.jpg,0
4_d6876ecb1c66f291.jpg,0
4_d6f4ea261f546399.jpg,0
4_d712a9a6aad1f53a.jpg,0
4_d75e01e7e3549940.jpg,0
4_d7de4d0dd259a257.jpg,0
4_d8caf6e794e8314e.jpg,0
4_d90fd3c3ff7981ba.jpg,0
4_dc05dcefc570d755.jpg,0
4_de2964eedc57770e.jpg,0
4_de46aae36fa909fb.jpg,0
4_dea27fa62416fbb4.jpg,0
4_dec1480d2a4c9285.jpg,0
4_df7c1c59842e8e68.jpg,0
4_e2498c34b0d585dd.jpg,0
4_e2df620e15d193b0.jpg,0
4_e312b2846ab1973c.jpg,0
4_e46914053eb1d122.jpg,0
4_e575f8449ec10e06.jpg,0
4_e5c9ecce43425ac6.jpg,0
4_e64ca2660e8587cd.jpg,0
4_e6e8c67192a53350.jpg,0
4_e719f0bdca4f0610.jpg,0
4_e781d3f044b08888.jpg,0
4_e7e3709bf56af370.jpg,0
4_e80f827d5bc68096.jpg,0
4_e9986017a8bab775.jpg,0
4_e9ae2b9f4f58cdbc.jpg,0
4_eafadb5462d4db25.jpg,0
4_ec1feff15d42465b.jpg,0
4_ee021b6099f7392d.jpg,0
4_ee0f26b47bbb1f5b.jpg,0
4_ee74b23bc7f78e5f.jpg,0
4_ef21197b1be27a9f.jpg,0
4_ef4e0d831941541e.jpg,0
4_f004a10f723b8f7d.jpg,0
4_f3eb7b0d79f4603d.jpg,0
4_f495456aaa31990a.jpg,0
4_f681a004323dc057.jpg,0
4_f6de02e5d3a311ca.jpg,0
4_f6eeaf1d23c23444.jpg,0
4_f70f2deca1873a4e.jpg,0
4_f7c0c8a19f2b7699.jpg,0
4_f82416a7690d3925.jpg,0
4_f872b9f1196b3ed3.jpg,0
4_f9494320077532c2.jpg,0
4_f9c2b67a62785a55.jpg,0
4_fa59618743e60192.jpg,0
4_fb7896f038de5983.jpg,0
4_fc60c431e545bc20.jpg,0
4_fe57d87065db8941.jpg,0
50_531f3c05dde112dd.jpg,0
51_531f3c05dde112dd.jpg,0
51_f82416a7690d3925.jpg,0
52_531f3c05dde112dd.jpg,0
53_531f3c05dde112dd.jpg,0
53_f82416a7690d3925.jpg,0
54_531f3c05dde112dd.jpg,0
54_f82416a7690d3925.jpg,0
55_531f3c05dde112dd.jpg,0
55_f82416a7690d3925.jpg,0
56_531f3c05dde112dd.jpg,0
56_f82416a7690d3925.jpg,0
57_531f3c05dde112dd.jpg,0
57_f82416a7690d3925.jpg,0
58_531f3c05dde112dd.jpg,0
58_f82416a7690d3925.jpg,0
59_531f3c05dde112dd.jpg,0
59_f82416a7690d3925.jpg,0
5_00867630c33e0500.jpg,0
5_015f426e437e233e.jpg,0
5_0197d332c60f6bc5.jpg,0
5_036d56ba86730db7.jpg,0
5_043420601c594528.jpg,0
5_0894f05954f6d665.jpg,0
5_08bcbdd2aee212b3.jpg,0
5_090ab26d1a5e0fee.jpg,0
5_0974b0c5d757e143.jpg,0
5_0b932698d49fc16a.jpg,0
5_0c68d78ca923d05f.jpg,0
5_0db81d9c0b1726f8.jpg,0
5_0ef9839d497081cf.jpg,0
5_0ffb569501bc4302.jpg,0
5_14b401286b5f3a5b.jpg,0
5_1517aad4d4dcaf1d.jpg,0
5_151ac37a9e95ba89.jpg,0
5_15b8a800daf1d25d.jpg,0
5_16596ef68fa37e8c.jpg,0
5_18e21b8588da29d5.jpg,0
5_1dc6de9f29980898.jpg,0
5_1eca8923924cd689.jpg,0
5_1f986908a3b3668b.jpg,0
5_204e9f84b3679038.jpg,0
5_20cfd25918ef02bd.jpg,0
5_2188b43cb3818572.jpg,0
5_24f0be601c5ce347.jpg,0
5_251e44fbaf1c6682.jpg,0
5_258305181793e4b8.jpg,0
5_2701a371d297316f.jpg,0
5_27602c3c7474f0f4.jpg,0
5_279c42cf17eeedce.jpg,0
5_27c9945070b0263d.jpg,0
5_2b49be226d0a3bc2.jpg,0
5_2b587e2f6dc2e70c.jpg,0
5_2b9b8dbd582d90ae.jpg,0
5_2d0e933a4750afce.jpg,0
5_2d279f809c9acf68.jpg,0
5_2e4c2bbeebdd3379.jpg,0
5_2f008b21392576e2.jpg,0
5_2fdaeaf845fe4dfe.jpg,0
5_300aef488d7c0d19.jpg,0
5_31fd074af7c78f2f.jpg,0
5_33a0cdc87728fe26.jpg,0
5_33ba526e834db764.jpg,0
5_3425610e789e7108.jpg,0
5_346da7568ab6d933.jpg,0
5_35a5bd1b2b4d99e0.jpg,0
5_35cd410d384ca9fb.jpg,0
5_35eb62e7bf0408c8.jpg,0
5_36384f7b1ccb6d69.jpg,0
5_36721b6448276646.jpg,0
5_37b076a267bc98c8.jpg,0
5_386ce429b126cf61.jpg,0
5_3a0add8d7b586daa.jpg,0
5_3a14e89b999c4af2.jpg,0
5_3d4632b0a37da088.jpg,0
5_3d513d0fe269a42a.jpg,0
5_3d6fe4734097e0fd.jpg,0
5_3dc1bb367b873cd1.jpg,0
5_3f48243eeedc2566.jpg,0
5_3f714da2e302d588.jpg,0
5_3fc9cd9eb54220a6.jpg,0
5_42c069d558a8a4ed.jpg,0
5_42d29a0569e97da4.jpg,0
5_430eec889dc36661.jpg,0
5_43caf3f0e52bd1cb.jpg,0
5_453a2c4c2c77b025.jpg,0
5_46a55952c0befd83.jpg,0
5_4702dfe15e2bc1c9.jpg,0
5_4735838802ede9d8.jpg,0
5_477ac161d854a754.jpg,0
5_4a3f4936e9e233cb.jpg,0
5_4a792afbb93aed96.jpg,0
5_4a8fa2c0e79ccde8.jpg,0
5_4b581c074ee14f99.jpg,0
5_4b81e48b777dc327.jpg,0
5_4ba00b9932827478.jpg,0
5_4bd270ee67100cf3.jpg,0
5_4c2f29e119df8b1b.jpg,0
5_4c5190d428aa65ab.jpg,0
5_4cf3378ca9e6152b.jpg,0
5_4df8855c74f4c2b6.jpg,0
5_4e39b162704e3806.jpg,0
5_4e92f027d54438f4.jpg,0
5_50445917d2778d55.jpg,0
5_50a9cbe160d31ff4.jpg,0
5_516bc20c269478ac.jpg,0
5_51f1b1df222f6903.jpg,0
5_531f3c05dde112dd.jpg,0
5_547d718619fe1f39.jpg,0
5_55741070d16907ac.jpg,0
5_5750a1ee1c64d191.jpg,0
5_576a743f9efbcea4.jpg,0
5_59b4e96e5277a2a2.jpg,0
5_5a1bee84c1924dad.jpg,0
5_5a42c810aa7cd2d6.jpg,0
5_5a88e7a589af1b31.jpg,0
5_5b53afb03864bf8b.jpg,0
5_5d5c557141283747.jpg,0
5_5ddb2b5f7ec29f3d.jpg,0
5_5e884936fd30f554.jpg,0
5_5fd4040dfe8cb5ee.jpg,0
5_621662b9ce9c40b5.jpg,0
5_635957e4eacf1003.jpg,0
5_654f02f50c86dc6f.jpg,0
5_660b9463fb6598fb.jpg,0
5_67edada6e768b3c1.jpg,0
5_684473f798768fbc.jpg,0
5_6da99422cd374fb2.jpg,0
5_6e5ec2f6e6b7174a.jpg,0
5_6f58a2c82030f254.jpg,0
5_6f67158e74f9b7fd.jpg,0
5_6fbb5bb674b32adf.jpg,0
5_718449378f127106.jpg,0
5_7210013193ea6fe8.jpg,0
5_7380968c36a0725b.jpg,0
5_7475190aa4ec009f.jpg,0
5_76b841b78f665139.jpg,0
5_77b9b1d4ab41a3a2.jpg,0
5_7961f4ef41ee1759.jpg,0
5_7abdee014103bccd.jpg,0
5_7b5f748955f7cf02.jpg,0
5_7becac98011e195e.jpg,0
5_7c65d10e6e7ec496.jpg,0
5_7ce5dc80c0b5400f.jpg,0
5_8134558a5c35b563.jpg,0
5_81446848b0f39bf2.jpg,0
5_8480c4f158da4842.jpg,0
5_861f1603360d443d.jpg,0
5_862aae20eca6f3be.jpg,0
5_8693e56cd8b97ff8.jpg,0
5_8834be5497e6ffe4.jpg,0
5_899de7fa4215c165.jpg,0
5_8a784f3d20b8dbdd.jpg,0
5_8bf6781349724268.jpg,0
5_8cec179024855f94.jpg,0
5_8cfb0bd900c660ea.jpg,0
5_8d201f7e310af500.jpg,0
5_8f57a7447444b4d1.jpg,0
5_901795f8562787ac.jpg,0
5_901e909c150cbc10.jpg,0
5_938e1312c4b136dd.jpg,0
5_94b96ce173b86cd6.jpg,0
5_950a5fa80ac24910.jpg,0
5_977827ccd7ab6fb7.jpg,0
5_9885ce80d681eacb.jpg,0
5_99dff5f1f7ddbcce.jpg,0
5_9a8d0f3689c97ea5.jpg,0
5_9c5a351a1190e7d4.jpg,0
5_9e1bcaf429a66ded.jpg,0
5_9e6f7042ed50d988.jpg,0
5_9f835a62f68f38ec.jpg,0
5_a1dd30586181c7c7.jpg,0
5_a3e897e3779815f0.jpg,0
5_a5a0ebedd818c78a.jpg,0
5_a7ef3b9e7c86a95f.jpg,0
5_aa993d86ef7f3b6f.jpg,0
5_abab1fe6288caccd.jpg,0
5_acf02d56fc29c720.jpg,0
5_ae4546eacbbc4c63.jpg,0
5_af23a843f9f511d4.jpg,0
5_afe3a69c68533d55.jpg,0
5_b2a460f32b53cd30.jpg,0
5_b2d84891e874f6fc.jpg,0
5_b5d6d660f7505e85.jpg,0
5_b6ea843c4925203c.jpg,0
5_b70fd78ab4bb9447.jpg,0
5_b76b1596939244cf.jpg,0
5_b7b12c5b4dc6fd0c.jpg,0
5_ba5279d2fe85933b.jpg,0
5_ba8388acd69f7543.jpg,0
5_bb1f9f55653b75ad.jpg,0
5_bd316c6ec9735557.jpg,0
5_bd667155fc7a755d.jpg,0
5_bd76aa0f023d26fe.jpg,0
5_bf498be03dfae931.jpg,0
5_c084c48c03e6b6ff.jpg,0
5_c08f31f37a64691b.jpg,0
5_c09b5dbd4273e872.jpg,0
5_c0f03b785e7317c5.jpg,0
5_c1b879d5908e5e41.jpg,0
5_c2575883108fd661.jpg,0
5_c2bc0c3329608080.jpg,0
5_c2f2466ee036aa6c.jpg,0
5_c391e7556535bfcd.jpg,0
5_c45dddc69e9f7b61.jpg,0
5_c497b121033bafaa.jpg,0
5_c583db6410dca8fd.jpg,0
5_c60e1c93eef58d8b.jpg,0
5_c74377f5a641e319.jpg,0
5_c76422251470abe2.jpg,0
5_c7c27df20055e6c6.jpg,0
5_cb2c61d66b719567.jpg,0
5_cd7ba39b2f043136.jpg,0
5_ce8fb36513dc3db7.jpg,0
5_cfa8e1d3b48230b7.jpg,0
5_cfe2703b7367fa69.jpg,0
5_d068acec955971c9.jpg,0
5_d198cb7afca66a82.jpg,0
5_d1ecdab98248ce33.jpg,0
5_d55c299550011aa7.jpg,0
5_d5b3a8ce18ec2268.jpg,0
5_d60818deee6555e6.jpg,0
5_d629f09b44778c36.jpg,0
5_d6876ecb1c66f291.jpg,0
5_d6f4ea261f546399.jpg,0
5_d7de4d0dd259a257.jpg,0
5_d8caf6e794e8314e.jpg,0
5_d90fd3c3ff7981ba.jpg,0
5_dc05dcefc570d755.jpg,0
5_de2964eedc57770e.jpg,0
5_dec1480d2a4c9285.jpg,0
5_df7c1c59842e8e68.jpg,0
5_e18c5c7eb8b811ef.jpg,0
5_e2df620e15d193b0.jpg,0
5_e312b2846ab1973c.jpg,0
5_e46914053eb1d122.jpg,0
5_e56a78f391e17d2c.jpg,0
5_e575f8449ec10e06.jpg,0
5_e5c9ecce43425ac6.jpg,0
5_e64ca2660e8587cd.jpg,0
5_e719f0bdca4f0610.jpg,0
5_e7e3709bf56af370.jpg,0
5_e9986017a8bab775.jpg,0
5_ec1feff15d42465b.jpg,0
5_ec38ec5fc5a025e0.jpg,0
5_ecbd6c539b2e33a7.jpg,0
5_ee0f26b47bbb1f5b.jpg,0
5_ef21197b1be27a9f.jpg,0
5_ef4e0d831941541e.jpg,0
5_f004a10f723b8f7d.jpg,0
5_f0f9f4049b57bf36.jpg,0
5_f28c246dffd6cb26.jpg,0
5_f681a004323dc057.jpg,0
5_f6de02e5d3a311ca.jpg,0
5_f6eeaf1d23c23444.jpg,0
5_f70f2deca1873a4e.jpg,0
5_f7c0c8a19f2b7699.jpg,0
5_f82416a7690d3925.jpg,0
5_f9494320077532c2.jpg,0
5_fa39fd94aa9d807b.jpg,0
5_fa59618743e60192.jpg,0
5_faf0199c1be362ba.jpg,0
5_fc60c431e545bc20.jpg,0
60_531f3c05dde112dd.jpg,0
60_f82416a7690d3925.jpg,0
61_531f3c05dde112dd.jpg,0
61_f82416a7690d3925.jpg,0
62_531f3c05dde112dd.jpg,0
62_f82416a7690d3925.jpg,0
63_531f3c05dde112dd.jpg,0
63_f82416a7690d3925.jpg,0
64_531f3c05dde112dd.jpg,0
64_f82416a7690d3925.jpg,0
65_531f3c05dde112dd.jpg,0
65_f82416a7690d3925.jpg,0
66_531f3c05dde112dd.jpg,0
66_f82416a7690d3925.jpg,0
67_531f3c05dde112dd.jpg,0
67_f82416a7690d3925.jpg,0
68_531f3c05dde112dd.jpg,0
68_f82416a7690d3925.jpg,0
69_531f3c05dde112dd.jpg,0
69_f82416a7690d3925.jpg,0
6_00867630c33e0500.jpg,0
6_015f426e437e233e.jpg,0
6_036d56ba86730db7.jpg,0
6_043420601c594528.jpg,0
6_08438c38f7c796c5.jpg,0
6_0894f05954f6d665.jpg,0
6_0b932698d49fc16a.jpg,0
6_0db81d9c0b1726f8.jpg,0
6_0ffb569501bc4302.jpg,0
6_1517aad4d4dcaf1d.jpg,0
6_151ac37a9e95ba89.jpg,0
6_16596ef68fa37e8c.jpg,0
6_1dc6de9f29980898.jpg,0
6_1eca8923924cd689.jpg,0
6_1f986908a3b3668b.jpg,0
6_204e9f84b3679038.jpg,0
6_20cfd25918ef02bd.jpg,0
6_2188b43cb3818572.jpg,0
6_24f0be601c5ce347.jpg,0
6_251e44fbaf1c6682.jpg,0
6_258305181793e4b8.jpg,0
6_2701a371d297316f.jpg,0
6_27602c3c7474f0f4.jpg,0
6_279c42cf17eeedce.jpg,0
6_27c9945070b0263d.jpg,0
6_2b49be226d0a3bc2.jpg,0
6_2b587e2f6dc2e70c.jpg,0
6_2b9b8dbd582d90ae.jpg,0
6_2d0e933a4750afce.jpg,0
6_2d279f809c9acf68.jpg,0
6_2e4c2bbeebdd3379.jpg,0
6_2fdaeaf845fe4dfe.jpg,0
6_300aef488d7c0d19.jpg,0
6_31fd074af7c78f2f.jpg,0
6_338a8693f9c709cf.jpg,0
6_33a0cdc87728fe26.jpg,0
6_346da7568ab6d933.jpg,0
6_35342aeeafa21a61.jpg,0
6_35a5bd1b2b4d99e0.jpg,0
6_35eb62e7bf0408c8.jpg,0
6_36384f7b1ccb6d69.jpg,0
6_37b076a267bc98c8.jpg,0
6_386ce429b126cf61.jpg,0
6_3a0add8d7b586daa.jpg,0
6_3a14e89b999c4af2.jpg,0
6_3d6fe4734097e0fd.jpg,0
6_3f48243eeedc2566.jpg,0
6_3fc9cd9eb54220a6.jpg,0
6_42d29a0569e97da4.jpg,0
6_430eec889dc36661.jpg,0
6_43caf3f0e52bd1cb.jpg,0
6_453a2c4c2c77b025.jpg,0
6_46a446af05e7ade3.jpg,0
6_46a55952c0befd83.jpg,0
6_4702dfe15e2bc1c9.jpg,0
6_477ac161d854a754.jpg,0
6_4a3f4936e9e233cb.jpg,0
6_4a792afbb93aed96.jpg,0
6_4a8fa2c0e79ccde8.jpg,0
6_4b581c074ee14f99.jpg,0
6_4b81e48b777dc327.jpg,0
6_4ba00b9932827478.jpg,0
6_4c2f29e119df8b1b.jpg,0
6_4c5190d428aa65ab.jpg,0
6_4df8855c74f4c2b6.jpg,0
6_4e92f027d54438f4.jpg,0
6_4f3d7f6ba1cd6fe6.jpg,0
6_50a9cbe160d31ff4.jpg,0
6_51f1b1df222f6903.jpg,0
6_531f3c05dde112dd.jpg,0
6_55741070d16907ac.jpg,0
6_576a743f9efbcea4.jpg,0
6_59b4e96e5277a2a2.jpg,0
6_5a1bee84c1924dad.jpg,0
6_5a42c810aa7cd2d6.jpg,0
6_5b53afb03864bf8b.jpg,0
6_5d5c557141283747.jpg,0
6_621662b9ce9c40b5.jpg,0
6_660b9463fb6598fb.jpg,0
6_6850632caf65cf4f.jpg,0
6_691fcd06eca7f464.jpg,0
6_6bd2aba43f5584ae.jpg,0
6_6da99422cd374fb2.jpg,0
6_6e5ec2f6e6b7174a.jpg,0
6_6f67158e74f9b7fd.jpg,0
6_70f69c2d22d5c2b2.jpg,0
6_7210013193ea6fe8.jpg,0
6_7380968c36a0725b.jpg,0
6_7475190aa4ec009f.jpg,0
6_76b841b78f665139.jpg,0
6_77b9b1d4ab41a3a2.jpg,0
6_782ab5cf983385b7.jpg,0
6_784c0eff875158cc.jpg,0
6_7961f4ef41ee1759.jpg,0
6_79e3e7a38ca4a32d.jpg,0
6_7abdee014103bccd.jpg,0
6_7b5f748955f7cf02.jpg,0
6_7c2c175b322d28de.jpg,0
6_7ce5dc80c0b5400f.jpg,0
6_80f9987cfeaca1a0.jpg,0
6_8480c4f158da4842.jpg,0
6_861f1603360d443d.jpg,0
6_862aae20eca6f3be.jpg,0
6_8693e56cd8b97ff8.jpg,0
6_899de7fa4215c165.jpg,0
6_8bf6781349724268.jpg,0
6_8cec179024855f94.jpg,0
6_8cfb0bd900c660ea.jpg,0
6_8f57a7447444b4d1.jpg,0
6_901795f8562787ac.jpg,0
6_94b96ce173b86cd6.jpg,0
6_977827ccd7ab6fb7.jpg,0
6_9885ce80d681eacb.jpg,0
6_99624131d7a10628.jpg,0
6_99dff5f1f7ddbcce.jpg,0
6_9c5a351a1190e7d4.jpg,0
6_9de2c551ead4c54d.jpg,0
6_9e1bcaf429a66ded.jpg,0
6_a3e897e3779815f0.jpg,0
6_a42d3bda8502ae88.jpg,0
6_a5a0ebedd818c78a.jpg,0
6_a7983501ca9127f3.jpg,0
6_a7ef3b9e7c86a95f.jpg,0
6_ae4546eacbbc4c63.jpg,0
6_af23a843f9f511d4.jpg,0
6_afe3a69c68533d55.jpg,0
6_b2a460f32b53cd30.jpg,0
6_b2d84891e874f6fc.jpg,0
6_b5d6d660f7505e85.jpg,0
6_b6ea843c4925203c.jpg,0
6_b70fd78ab4bb9447.jpg,0
6_b76b1596939244cf.jpg,0
6_ba8388acd69f7543.jpg,0
6_bd316c6ec9735557.jpg,0
6_bd76aa0f023d26fe.jpg,0
6_bf498be03dfae931.jpg,0
6_c084c48c03e6b6ff.jpg,0
6_c08f31f37a64691b.jpg,0
6_c0f03b785e7317c5.jpg,0
6_c2575883108fd661.jpg,0
6_c2bc0c3329608080.jpg,0
6_c391e7556535bfcd.jpg,0
6_c497b121033bafaa.jpg,0
6_c60e1c93eef58d8b.jpg,0
6_c7c27df20055e6c6.jpg,0
6_ca7ca1c20d405ebd.jpg,0
6_ce8fb36513dc3db7.jpg,0
6_cfa8e1d3b48230b7.jpg,0
6_cfe2703b7367fa69.jpg,0
6_d068acec955971c9.jpg,0
6_d198cb7afca66a82.jpg,0
6_d55c299550011aa7.jpg,0
6_d5b3a8ce18ec2268.jpg,0
6_d60818deee6555e6.jpg,0
6_d629f09b44778c36.jpg,0
6_d6876ecb1c66f291.jpg,0
6_d7de4d0dd259a257.jpg,0
6_d8ad7dbbf33b18de.jpg,0
6_d8caf6e794e8314e.jpg,0
6_d90fd3c3ff7981ba.jpg,0
6_dc05dcefc570d755.jpg,0
6_dea27fa62416fbb4.jpg,0
6_df7c1c59842e8e68.jpg,0
6_e2df620e15d193b0.jpg,0
6_e312b2846ab1973c.jpg,0
6_e46914053eb1d122.jpg,0
6_e575f8449ec10e06.jpg,0
6_e6e8c67192a53350.jpg,0
6_e9986017a8bab775.jpg,0
6_ec1feff15d42465b.jpg,0
6_ec38ec5fc5a025e0.jpg,0
6_ecbd6c539b2e33a7.jpg,0
6_ee0f26b47bbb1f5b.jpg,0
6_ef4e0d831941541e.jpg,0
6_f004a10f723b8f7d.jpg,0
6_f0f9f4049b57bf36.jpg,0
6_f681a004323dc057.jpg,0
6_f6eeaf1d23c23444.jpg,0
6_f82416a7690d3925.jpg,0
6_f9494320077532c2.jpg,0
6_f9c2b67a62785a55.jpg,0
6_fa39fd94aa9d807b.jpg,0
6_faf0199c1be362ba.jpg,0
70_531f3c05dde112dd.jpg,0
71_531f3c05dde112dd.jpg,0
71_f82416a7690d3925.jpg,0
72_531f3c05dde112dd.jpg,0
72_f82416a7690d3925.jpg,0
73_531f3c05dde112dd.jpg,0
73_f82416a7690d3925.jpg,0
74_f82416a7690d3925.jpg,0
75_f82416a7690d3925.jpg,0
76_f82416a7690d3925.jpg,0
77_f82416a7690d3925.jpg,0
78_f82416a7690d3925.jpg,0
79_f82416a7690d3925.jpg,0
7_00867630c33e0500.jpg,0
7_036d56ba86730db7.jpg,0
7_08438c38f7c796c5.jpg,0
7_0b932698d49fc16a.jpg,0
7_0db81d9c0b1726f8.jpg,0
7_0ef9839d497081cf.jpg,0
7_1517aad4d4dcaf1d.jpg,0
7_151ac37a9e95ba89.jpg,0
7_1eca8923924cd689.jpg,0
7_1f986908a3b3668b.jpg,0
7_20cfd25918ef02bd.jpg,0
7_2188b43cb3818572.jpg,0
7_24f0be601c5ce347.jpg,0
7_251e44fbaf1c6682.jpg,0
7_258305181793e4b8.jpg,0
7_2701a371d297316f.jpg,0
7_27602c3c7474f0f4.jpg,0
7_27c9945070b0263d.jpg,0
7_2b49be226d0a3bc2.jpg,0
7_2b587e2f6dc2e70c.jpg,0
7_2d0e933a4750afce.jpg,0
7_2d279f809c9acf68.jpg,0
7_2fdaeaf845fe4dfe.jpg,0
7_31fd074af7c78f2f.jpg,0
7_338a8693f9c709cf.jpg,0
7_33a0cdc87728fe26.jpg,0
7_3593bdf1711424ae.jpg,0
7_35a5bd1b2b4d99e0.jpg,0
7_36384f7b1ccb6d69.jpg,0
7_386ce429b126cf61.jpg,0
7_3a0add8d7b586daa.jpg,0
7_3fc9cd9eb54220a6.jpg,0
7_42d29a0569e97da4.jpg,0
7_43caf3f0e52bd1cb.jpg,0
7_453a2c4c2c77b025.jpg,0
7_46a446af05e7ade3.jpg,0
7_477ac161d854a754.jpg,0
7_487256f84c493d2f.jpg,0
7_4a3f4936e9e233cb.jpg,0
7_4a792afbb93aed96.jpg,0
7_4b581c074ee14f99.jpg,0
7_4b81e48b777dc327.jpg,0
7_4ba00b9932827478.jpg,0
7_4c2f29e119df8b1b.jpg,0
7_4df8855c74f4c2b6.jpg,0
7_4e92f027d54438f4.jpg,0
7_531f3c05dde112dd.jpg,0
7_576a743f9efbcea4.jpg,0
7_59b4e96e5277a2a2.jpg,0
7_5a1bee84c1924dad.jpg,0
7_5b53afb03864bf8b.jpg,0
7_5d5c557141283747.jpg,0
7_5e884936fd30f554.jpg,0
7_6850632caf65cf4f.jpg,0
7_6da99422cd374fb2.jpg,0
7_6df2bf4f047c2ccc.jpg,0
7_6e5ec2f6e6b7174a.jpg,0
7_6f67158e74f9b7fd.jpg,0
7_70f69c2d22d5c2b2.jpg,0
7_7475190aa4ec009f.jpg,0
7_782ab5cf983385b7.jpg,0
7_79e3e7a38ca4a32d.jpg,0
7_7b5f748955f7cf02.jpg,0
7_7becac98011e195e.jpg,0
7_7c2c175b322d28de.jpg,0
7_8080b1dc267c1279.jpg,0
7_862aae20eca6f3be.jpg,0
7_8693e56cd8b97ff8.jpg,0
7_8bf6781349724268.jpg,0
7_8cec179024855f94.jpg,0
7_8cfb0bd900c660ea.jpg,0
7_8f57a7447444b4d1.jpg,0
7_8f68832c698c782e.jpg,0
7_95cd1d657b4e4204.jpg,0
7_977827ccd7ab6fb7.jpg,0
7_9885ce80d681eacb.jpg,0
7_9c5a351a1190e7d4.jpg,0
7_9de2c551ead4c54d.jpg,0
7_a7983501ca9127f3.jpg,0
7_a7ef3b9e7c86a95f.jpg,0
7_ae4546eacbbc4c63.jpg,0
7_af23a843f9f511d4.jpg,0
7_afe3a69c68533d55.jpg,0
7_b2d84891e874f6fc.jpg,0
7_b3ce2d7d57de928d.jpg,0
7_ba8388acd69f7543.jpg,0
7_bf498be03dfae931.jpg,0
7_bf5a8bbca38d4c97.jpg,0
7_c084c48c03e6b6ff.jpg,0
7_c08f31f37a64691b.jpg,0
7_c09b5dbd4273e872.jpg,0
7_c2575883108fd661.jpg,0
7_c2bc0c3329608080.jpg,0
7_c391e7556535bfcd.jpg,0
7_c497b121033bafaa.jpg,0
7_c60e1c93eef58d8b.jpg,0
7_c7c27df20055e6c6.jpg,0
7_ce8fb36513dc3db7.jpg,0
7_cfe2703b7367fa69.jpg,0
7_d068acec955971c9.jpg,0
7_d198cb7afca66a82.jpg,0
7_d424b0bf7e556cbb.jpg,0
7_d55c299550011aa7.jpg,0
7_d60818deee6555e6.jpg,0
7_d6876ecb1c66f291.jpg,0
7_d6f4ea261f546399.jpg,0
7_d7de4d0dd259a257.jpg,0
7_d90fd3c3ff7981ba.jpg,0
7_dc05dcefc570d755.jpg,0
7_dea27fa62416fbb4.jpg,0
7_df7c1c59842e8e68.jpg,0
7_e2df620e15d193b0.jpg,0
7_e312b2846ab1973c.jpg,0
7_e46914053eb1d122.jpg,0
7_e575f8449ec10e06.jpg,0
7_ec1feff15d42465b.jpg,0
7_ee0f26b47bbb1f5b.jpg,0
7_f681a004323dc057.jpg,0
7_f6eeaf1d23c23444.jpg,0
7_f70f2deca1873a4e.jpg,0
7_f82416a7690d3925.jpg,0
7_f9c2b67a62785a55.jpg,0
7_faf0199c1be362ba.jpg,0
7_fb02169b40d60461.jpg,0
80_f82416a7690d3925.jpg,0
81_f82416a7690d3925.jpg,0
82_f82416a7690d3925.jpg,0
83_f82416a7690d3925.jpg,0
84_f82416a7690d3925.jpg,0
85_f82416a7690d3925.jpg,0
86_f82416a7690d3925.jpg,0
87_f82416a7690d3925.jpg,0
88_f82416a7690d3925.jpg,0
89_f82416a7690d3925.jpg,0
8_00867630c33e0500.jpg,0
8_08438c38f7c796c5.jpg,0
8_0db81d9c0b1726f8.jpg,0
8_1eca8923924cd689.jpg,0
8_1f986908a3b3668b.jpg,0
8_20cfd25918ef02bd.jpg,0
8_2188b43cb3818572.jpg,0
8_24f0be601c5ce347.jpg,0
8_251e44fbaf1c6682.jpg,0
8_258305181793e4b8.jpg,0
8_27602c3c7474f0f4.jpg,0
8_2b49be226d0a3bc2.jpg,0
8_2b587e2f6dc2e70c.jpg,0
8_2d279f809c9acf68.jpg,0
8_2fdaeaf845fe4dfe.jpg,0
8_338a8693f9c709cf.jpg,0
8_33a0cdc87728fe26.jpg,0
8_36384f7b1ccb6d69.jpg,0
8_386ce429b126cf61.jpg,0
8_3a0add8d7b586daa.jpg,0
8_3fc9cd9eb54220a6.jpg,0
8_42d29a0569e97da4.jpg,0
8_453a2c4c2c77b025.jpg,0
8_477ac161d854a754.jpg,0
8_4a3f4936e9e233cb.jpg,0
8_4a792afbb93aed96.jpg,0
8_4b581c074ee14f99.jpg,0
8_4ba00b9932827478.jpg,0
8_531f3c05dde112dd.jpg,0
8_5a88e7a589af1b31.jpg,0
8_5b53afb03864bf8b.jpg,0
8_5d5c557141283747.jpg,0
8_6850632caf65cf4f.jpg,0
8_6e5ec2f6e6b7174a.jpg,0
8_70f69c2d22d5c2b2.jpg,0
8_7961f4ef41ee1759.jpg,0
8_79e3e7a38ca4a32d.jpg,0
8_7c2c175b322d28de.jpg,0
8_7feb348283ac9f81.jpg,0
8_862aae20eca6f3be.jpg,0
8_8693e56cd8b97ff8.jpg,0
8_8cec179024855f94.jpg,0
8_9885ce80d681eacb.jpg,0
8_9c5a351a1190e7d4.jpg,0
8_afe3a69c68533d55.jpg,0
8_b2a460f32b53cd30.jpg,0
8_b2d84891e874f6fc.jpg,0
8_b3ce2d7d57de928d.jpg,0
8_ba8388acd69f7543.jpg,0
8_c08f31f37a64691b.jpg,0
8_c2575883108fd661.jpg,0
8_c2bc0c3329608080.jpg,0
8_c64c84173ebe9bf6.jpg,0
8_ca7ca1c20d405ebd.jpg,0
8_d198cb7afca66a82.jpg,0
8_d8ad7dbbf33b18de.jpg,0
8_dc05dcefc570d755.jpg,0
8_dea27fa62416fbb4.jpg,0
8_df7c1c59842e8e68.jpg,0
8_e46914053eb1d122.jpg,0
8_e575f8449ec10e06.jpg,0
8_ee0f26b47bbb1f5b.jpg,0
8_ef4e0d831941541e.jpg,0
8_f681a004323dc057.jpg,0
8_f6eeaf1d23c23444.jpg,0
8_f70f2deca1873a4e.jpg,0
8_f82416a7690d3925.jpg,0
90_f82416a7690d3925.jpg,0
91_f82416a7690d3925.jpg,0
92_f82416a7690d3925.jpg,0
93_f82416a7690d3925.jpg,0
94_f82416a7690d3925.jpg,0
95_f82416a7690d3925.jpg,0
96_f82416a7690d3925.jpg,0
97_f82416a7690d3925.jpg,0
98_f82416a7690d3925.jpg,0
99_f82416a7690d3925.jpg,0
9_00867630c33e0500.jpg,0
9_08438c38f7c796c5.jpg,0
9_1eca8923924cd689.jpg,0
9_1f986908a3b3668b.jpg,0
9_24f0be601c5ce347.jpg,0
9_258305181793e4b8.jpg,0
9_27602c3c7474f0f4.jpg,0
9_2b587e2f6dc2e70c.jpg,0
9_2e4c2bbeebdd3379.jpg,0
9_338a8693f9c709cf.jpg,0
9_33a0cdc87728fe26.jpg,0
9_36384f7b1ccb6d69.jpg,0
9_386ce429b126cf61.jpg,0
9_3a0add8d7b586daa.jpg,0
9_3fc9cd9eb54220a6.jpg,0
9_453a2c4c2c77b025.jpg,0
9_477ac161d854a754.jpg,0
9_4a3f4936e9e233cb.jpg,0
9_4ba00b9932827478.jpg,0
9_531f3c05dde112dd.jpg,0
9_5b53afb03864bf8b.jpg,0
9_5d5c557141283747.jpg,0
9_6e5ec2f6e6b7174a.jpg,0
9_70f69c2d22d5c2b2.jpg,0
9_7961f4ef41ee1759.jpg,0
9_79e3e7a38ca4a32d.jpg,0
9_862aae20eca6f3be.jpg,0
9_8693e56cd8b97ff8.jpg,0
9_8cec179024855f94.jpg,0
9_9885ce80d681eacb.jpg,0
9_9c5a351a1190e7d4.jpg,0
9_9e113f0426d60aaf.jpg,0
9_b2a460f32b53cd30.jpg,0
9_b2d84891e874f6fc.jpg,0
9_ba8388acd69f7543.jpg,0
9_c08f31f37a64691b.jpg,0
9_c2575883108fd661.jpg,0
9_d198cb7afca66a82.jpg,0
9_d6876ecb1c66f291.jpg,0
9_dc05dcefc570d755.jpg,0
9_dea27fa62416fbb4.jpg,0
9_df7c1c59842e8e68.jpg,0
9_ee0f26b47bbb1f5b.jpg,0
9_ef4e0d831941541e.jpg,0
9_f681a004323dc057.jpg,0
9_f6eeaf1d23c23444.jpg,0
9_f82416a7690d3925.jpg,0
.zip,0
