10_bf5a8bbca38d4c97.jpg,1
10_dc05dcefc570d755.jpg,1
11_4b581c074ee14f99.jpg,1
11_9e113f0426d60aaf.jpg,1
12_4a3f4936e9e233cb.jpg,1
12_4b581c074ee14f99.jpg,1
12_9e113f0426d60aaf.jpg,1
12_bf5a8bbca38d4c97.jpg,1
13_9e113f0426d60aaf.jpg,1
13_bf5a8bbca38d4c97.jpg,1
14_9e113f0426d60aaf.jpg,1
14_bf5a8bbca38d4c97.jpg,1
15_9e113f0426d60aaf.jpg,1
15_dc05dcefc570d755.jpg,1
16_79e3e7a38ca4a32d.jpg,1
16_dc05dcefc570d755.jpg,1
16_dea27fa62416fbb4.jpg,1
17_4a3f4936e9e233cb.jpg,1
17_531f3c05dde112dd.jpg,1
17_9e113f0426d60aaf.jpg,1
1_00867630c33e0500.jpg,1
1_04792ff56b0eb66a.jpg,1
1_08438c38f7c796c5.jpg,1
1_0b43c30617054b36.jpg,1
1_123c2b3ad52add2a.jpg,1
1_193fdd653fccfb7a.jpg,1
1_1db3658f151852ca.jpg,1
1_21659114da515185.jpg,1
1_263a918e3149db16.jpg,1
1_27602c3c7474f0f4.jpg,1
1_2a173ad9fd450f30.jpg,1
1_2c7cf4b6aebf76d5.jpg,1
1_2cf71a0f24e2f91e.jpg,1
1_2d0e933a4750afce.jpg,1
1_300aef488d7c0d19.jpg,1
1_329c990d31b0c903.jpg,1
1_341a2bc4731c46e4.jpg,1
1_35201e16a2f36f72.jpg,1
1_36721b6448276646.jpg,1
1_3816040fa1b28b0d.jpg,1
1_384880f5c0ea3eee.jpg,1
1_3861314e34317148.jpg,1
1_38f7d6960b128b53.jpg,1
1_39c95a893000982b.jpg,1
1_4880f07142ce1e49.jpg,1
1_4a792afbb93aed96.jpg,1
1_588b5fcac30f16fb.jpg,1
1_5bec0152a94f6105.jpg,1
1_5c165db5a457b678.jpg,1
1_5d6e9487604c7104.jpg,1
1_5e884936fd30f554.jpg,1
1_6125708b71c2a1d9.jpg,1
1_61e780546f7cc04c.jpg,1
1_6224f49f2b8741cb.jpg,1
1_63f2698f9b0f29c0.jpg,1
1_65655dfec59d28af.jpg,1
1_6707bf692d6d1785.jpg,1
1_6d56dcee489b72ff.jpg,1
1_6f62444ca90204e2.jpg,1
1_6f67158e74f9b7fd.jpg,1
1_6fc9261af80a6f89.jpg,1
1_72c45dc16e4fd8b0.jpg,1
1_730e4fb40e0dda7f.jpg,1
1_75bbd240d97210d4.jpg,1
1_7bcf4b27c9cd9601.jpg,1
1_7c65d10e6e7ec496.jpg,1
1_7fae328793d69ea7.jpg,1
1_80bbf66d0917e5a8.jpg,1
1_8693e56cd8b97ff8.jpg,1
1_8757154029d0a593.jpg,1
1_8b32ca977ef1f70b.jpg,1
1_8c2e8c96faca70cb.jpg,1
1_8cfb0bd900c660ea.jpg,1
1_90554dd9e67d3b7e.jpg,1
1_99624131d7a10628.jpg,1
1_9c5a351a1190e7d4.jpg,1
1_9dbed97635dc7a13.jpg,1
1_a130b09a01183cda.jpg,1
1_a4e8691c85dfc305.jpg,1
1_a73cfd13d51db9e2.jpg,1
1_a7a8e902f054cedd.jpg,1
1_ac94a2ea5c1ea835.jpg,1
1_adc2494b948b647b.jpg,1
1_adf57aad29f25b54.jpg,1
1_b285743040fc052d.jpg,1
1_b5e696a152e23e4b.jpg,1
1_bd10a561b5b50610.jpg,1
1_c158e373c89ad9e0.jpg,1
1_c3babadd928fb5c8.jpg,1
1_d37d677ae0602400.jpg,1
1_da1f7a8a45bb02a1.jpg,1
1_da837144e81a7bda.jpg,1
1_de46aae36fa909fb.jpg,1
1_e9ae2b9f4f58cdbc.jpg,1
1_ee021b6099f7392d.jpg,1
1_ef014bd4ef84bd28.jpg,1
1_f0c3cc548c31c175.jpg,1
1_f444cfd9c8c9bde5.jpg,1
1_f8dae9bc17e3e5be.jpg,1
1_faa69cfeb89904af.jpg,1
1_fcbd2db5d34cb191.jpg,1
1_fd723cddf51f31e9.jpg,1
1_ff9df7f5f20fef12.jpg,1
20_4a3f4936e9e233cb.jpg,1
20_f82416a7690d3925.jpg,1
25_f82416a7690d3925.jpg,1
26_4a3f4936e9e233cb.jpg,1
26_f82416a7690d3925.jpg,1
27_f82416a7690d3925.jpg,1
28_531f3c05dde112dd.jpg,1
2_00695d43ffc3d286.jpg,1
2_0265eb6e99401b7b.jpg,1
2_08438c38f7c796c5.jpg,1
2_10d63c24632b732f.jpg,1
2_1535e44e74f34475.jpg,1
2_193fdd653fccfb7a.jpg,1
2_1dc6de9f29980898.jpg,1
2_1dea67284012ce7e.jpg,1
2_1eca8923924cd689.jpg,1
2_214f5e782f6ece32.jpg,1
2_263a918e3149db16.jpg,1
2_26c6779aae48f99e.jpg,1
2_2a173ad9fd450f30.jpg,1
2_30556018ac3bde3e.jpg,1
2_338a8693f9c709cf.jpg,1
2_33ba526e834db764.jpg,1
2_341a2bc4731c46e4.jpg,1
2_34890db345440e09.jpg,1
2_35342aeeafa21a61.jpg,1
2_36343b839ad80ce4.jpg,1
2_3861314e34317148.jpg,1
2_38f7d6960b128b53.jpg,1
2_3b08691ff43fbf5a.jpg,1
2_3e065df2e268de8c.jpg,1
2_3ed0c4cde7cad1e1.jpg,1
2_45dfcb0729e1d6cf.jpg,1
2_46a446af05e7ade3.jpg,1
2_4735838802ede9d8.jpg,1
2_487256f84c493d2f.jpg,1
2_4b017ded3ab22814.jpg,1
2_4f3d7f6ba1cd6fe6.jpg,1
2_50e8a26240a98f3c.jpg,1
2_53ebcc18dce00dff.jpg,1
2_542fe653c49176a5.jpg,1
2_551acbdf9800f4de.jpg,1
2_5a88e7a589af1b31.jpg,1
2_5abdaf46d0f031c5.jpg,1
2_5bec0152a94f6105.jpg,1
2_5c165db5a457b678.jpg,1
2_6224f49f2b8741cb.jpg,1
2_63f2698f9b0f29c0.jpg,1
2_6850632caf65cf4f.jpg,1
2_6bd2aba43f5584ae.jpg,1
2_6dbed6c244d04a9f.jpg,1
2_6df2bf4f047c2ccc.jpg,1
2_6f62444ca90204e2.jpg,1
2_6fc9261af80a6f89.jpg,1
2_719454ad93f923a4.jpg,1
2_7bcf4b27c9cd9601.jpg,1
2_7becac98011e195e.jpg,1
2_7fae328793d69ea7.jpg,1
2_81661d59ee13eb73.jpg,1
2_857368c490bc8b47.jpg,1
2_861f1603360d443d.jpg,1
2_8693e56cd8b97ff8.jpg,1
2_88df1ad4b7dbb619.jpg,1
2_8b32ca977ef1f70b.jpg,1
2_8c2e8c96faca70cb.jpg,1
2_8d4c40794abc3ab1.jpg,1
2_8f68832c698c782e.jpg,1
2_930982a4472b0718.jpg,1
2_95950235a985c3dc.jpg,1
2_95cd1d657b4e4204.jpg,1
2_a42d3bda8502ae88.jpg,1
2_a4e8691c85dfc305.jpg,1
2_a5a0ebedd818c78a.jpg,1
2_acf4a346aeb25954.jpg,1
2_adf57aad29f25b54.jpg,1
2_b285743040fc052d.jpg,1
2_b3ce2d7d57de928d.jpg,1
2_b5331859aeb05abd.jpg,1
2_b5e696a152e23e4b.jpg,1
2_b69e018cc124a22b.jpg,1
2_bf76aa960ceadcd0.jpg,1
2_c09b5dbd4273e872.jpg,1
2_c2a13eb51933fdd4.jpg,1
2_c3babadd928fb5c8.jpg,1
2_c5a66cb9a138494d.jpg,1
2_c64c84173ebe9bf6.jpg,1
2_cee2db97f49295e3.jpg,1
2_d35f7d588d847bb5.jpg,1
2_d37d677ae0602400.jpg,1
2_dcf908cc75bd690c.jpg,1
2_dd3e3434a9b7d294.jpg,1
2_dd4fa1681b34653a.jpg,1
2_de46aae36fa909fb.jpg,1
2_df5c08303fec5d64.jpg,1
2_e2ad59a991302419.jpg,1
2_e56a78f391e17d2c.jpg,1
2_e6b2997fb2dcf3dd.jpg,1
2_e71235126cec2ee8.jpg,1
2_e9ae2b9f4f58cdbc.jpg,1
2_ec38ec5fc5a025e0.jpg,1
2_ee021b6099f7392d.jpg,1
2_f28c246dffd6cb26.jpg,1
2_f296de24b36916bc.jpg,1
2_f6083c3e508636b5.jpg,1
2_fa39fd94aa9d807b.jpg,1
2_fcbd2db5d34cb191.jpg,1
3_04792ff56b0eb66a.jpg,1
3_18e21b8588da29d5.jpg,1
3_1d5d0d09375532c0.jpg,1
3_1dc35558208b56e2.jpg,1
3_1eca8923924cd689.jpg,1
3_21659114da515185.jpg,1
3_254d8ef1976131fc.jpg,1
3_26c6779aae48f99e.jpg,1
3_27602c3c7474f0f4.jpg,1
3_300aef488d7c0d19.jpg,1
3_35342aeeafa21a61.jpg,1
3_37f9f3017dbfc4cb.jpg,1
3_3861314e34317148.jpg,1
3_38f7d6960b128b53.jpg,1
3_39f082a70d9b3f54.jpg,1
3_3b08691ff43fbf5a.jpg,1
3_3ed0c4cde7cad1e1.jpg,1
3_435d56e08437c90d.jpg,1
3_487256f84c493d2f.jpg,1
3_4f3d7f6ba1cd6fe6.jpg,1
3_574de4d65d34c8f1.jpg,1
3_5a88e7a589af1b31.jpg,1
3_5c165db5a457b678.jpg,1
3_63f2698f9b0f29c0.jpg,1
3_66e753ad419e775d.jpg,1
3_67edada6e768b3c1.jpg,1
3_6bd2aba43f5584ae.jpg,1
3_75bbd240d97210d4.jpg,1
3_77f8fd8a4f1fa522.jpg,1
3_7b116aeeecee1345.jpg,1
3_7feb348283ac9f81.jpg,1
3_8080b1dc267c1279.jpg,1
3_80f9987cfeaca1a0.jpg,1
3_816b14e20ebc97d2.jpg,1
3_8432b6811400c48d.jpg,1
3_861f1603360d443d.jpg,1
3_8757154029d0a593.jpg,1
3_8b32ca977ef1f70b.jpg,1
3_8c2e8c96faca70cb.jpg,1
3_8f68832c698c782e.jpg,1
3_95cd1d657b4e4204.jpg,1
3_97f24865ecaedd4a.jpg,1
3_99a6ea6c8e37b714.jpg,1
3_9a8d0f3689c97ea5.jpg,1
3_9c5a351a1190e7d4.jpg,1
3_a130b09a01183cda.jpg,1
3_a42d3bda8502ae88.jpg,1
3_adf57aad29f25b54.jpg,1
3_b3ce2d7d57de928d.jpg,1
3_b5331859aeb05abd.jpg,1
3_b5d6d660f7505e85.jpg,1
3_b69e018cc124a22b.jpg,1
3_bf5a8bbca38d4c97.jpg,1
3_bf76aa960ceadcd0.jpg,1
3_c391e7556535bfcd.jpg,1
3_c64c84173ebe9bf6.jpg,1
3_cd8ed61915c66cd6.jpg,1
3_d424b0bf7e556cbb.jpg,1
3_d75e01e7e3549940.jpg,1
3_da1f7a8a45bb02a1.jpg,1
3_dd4fa1681b34653a.jpg,1
3_e18c5c7eb8b811ef.jpg,1
3_e56a78f391e17d2c.jpg,1
3_e6e8c67192a53350.jpg,1
3_e9ae2b9f4f58cdbc.jpg,1
3_ecbd6c539b2e33a7.jpg,1
3_f0c3cc548c31c175.jpg,1
3_f28c246dffd6cb26.jpg,1
3_f9c2b67a62785a55.jpg,1
3_fa39fd94aa9d807b.jpg,1
40_531f3c05dde112dd.jpg,1
47_f82416a7690d3925.jpg,1
48_f82416a7690d3925.jpg,1
49_f82416a7690d3925.jpg,1
4_0265eb6e99401b7b.jpg,1
4_04b5c75118d24591.jpg,1
4_0c68d78ca923d05f.jpg,1
4_0fc4c202e8cfd8a9.jpg,1
4_1535e44e74f34475.jpg,1
4_15b8a800daf1d25d.jpg,1
4_1eca8923924cd689.jpg,1
4_254d8ef1976131fc.jpg,1
4_2701a371d297316f.jpg,1
4_2c7cf4b6aebf76d5.jpg,1
4_2ecc326f7a9f6431.jpg,1
4_300aef488d7c0d19.jpg,1
4_33ba526e834db764.jpg,1
4_35342aeeafa21a61.jpg,1
4_3593bdf1711424ae.jpg,1
4_384880f5c0ea3eee.jpg,1
4_3861314e34317148.jpg,1
4_3b08691ff43fbf5a.jpg,1
4_3e065df2e268de8c.jpg,1
4_3e4cfeec22108ef8.jpg,1
4_46a446af05e7ade3.jpg,1
4_4735838802ede9d8.jpg,1
4_487256f84c493d2f.jpg,1
4_4cf3378ca9e6152b.jpg,1
4_4f3d7f6ba1cd6fe6.jpg,1
4_542fe653c49176a5.jpg,1
4_55741070d16907ac.jpg,1
4_574de4d65d34c8f1.jpg,1
4_5a88e7a589af1b31.jpg,1
4_5abdaf46d0f031c5.jpg,1
4_66e753ad419e775d.jpg,1
4_67edada6e768b3c1.jpg,1
4_6bd2aba43f5584ae.jpg,1
4_6df2bf4f047c2ccc.jpg,1
4_70f69c2d22d5c2b2.jpg,1
4_72c45dc16e4fd8b0.jpg,1
4_7becac98011e195e.jpg,1
4_7c65d10e6e7ec496.jpg,1
4_7feb348283ac9f81.jpg,1
4_8080b1dc267c1279.jpg,1
4_80f9987cfeaca1a0.jpg,1
4_81661d59ee13eb73.jpg,1
4_861f1603360d443d.jpg,1
4_8c2e8c96faca70cb.jpg,1
4_8f68832c698c782e.jpg,1
4_901e909c150cbc10.jpg,1
4_95950235a985c3dc.jpg,1
4_95cd1d657b4e4204.jpg,1
4_9e113f0426d60aaf.jpg,1
4_a4e8691c85dfc305.jpg,1
4_a5a0ebedd818c78a.jpg,1
4_a7983501ca9127f3.jpg,1
4_adf57aad29f25b54.jpg,1
4_b3ce2d7d57de928d.jpg,1
4_b5e696a152e23e4b.jpg,1
4_bf5a8bbca38d4c97.jpg,1
4_c09b5dbd4273e872.jpg,1
4_c2bc0c3329608080.jpg,1
4_c3babadd928fb5c8.jpg,1
4_c56cbc0ed5e89c07.jpg,1
4_c64c84173ebe9bf6.jpg,1
4_cee2db97f49295e3.jpg,1
4_d198cb7afca66a82.jpg,1
4_d37d677ae0602400.jpg,1
4_d8ad7dbbf33b18de.jpg,1
4_da1f7a8a45bb02a1.jpg,1
4_dd4fa1681b34653a.jpg,1
4_e18c5c7eb8b811ef.jpg,1
4_e56a78f391e17d2c.jpg,1
4_e6b2997fb2dcf3dd.jpg,1
4_ec38ec5fc5a025e0.jpg,1
4_ecbd6c539b2e33a7.jpg,1
4_f0c3cc548c31c175.jpg,1
4_f0f9f4049b57bf36.jpg,1
4_f28c246dffd6cb26.jpg,1
4_fa39fd94aa9d807b.jpg,1
4_faa69cfeb89904af.jpg,1
4_faf0199c1be362ba.jpg,1
4_fb02169b40d60461.jpg,1
4_fcbd2db5d34cb191.jpg,1
50_f82416a7690d3925.jpg,1
52_f82416a7690d3925.jpg,1
5_08438c38f7c796c5.jpg,1
5_17dfe62d3d065ab5.jpg,1
5_254d8ef1976131fc.jpg,1
5_338a8693f9c709cf.jpg,1
5_35342aeeafa21a61.jpg,1
5_3593bdf1711424ae.jpg,1
5_37f9f3017dbfc4cb.jpg,1
5_3861314e34317148.jpg,1
5_39f082a70d9b3f54.jpg,1
5_4115398d4e0bc389.jpg,1
5_46a446af05e7ade3.jpg,1
5_487256f84c493d2f.jpg,1
5_4f3d7f6ba1cd6fe6.jpg,1
5_542fe653c49176a5.jpg,1
5_5c165db5a457b678.jpg,1
5_66e753ad419e775d.jpg,1
5_6850632caf65cf4f.jpg,1
5_691fcd06eca7f464.jpg,1
5_6bd2aba43f5584ae.jpg,1
5_6df2bf4f047c2ccc.jpg,1
5_70f69c2d22d5c2b2.jpg,1
5_77f8fd8a4f1fa522.jpg,1
5_782ab5cf983385b7.jpg,1
5_784c0eff875158cc.jpg,1
5_79e3e7a38ca4a32d.jpg,1
5_7b116aeeecee1345.jpg,1
5_7c2c175b322d28de.jpg,1
5_7feb348283ac9f81.jpg,1
5_8080b1dc267c1279.jpg,1
5_80f9987cfeaca1a0.jpg,1
5_8757154029d0a593.jpg,1
5_8f68832c698c782e.jpg,1
5_95cd1d657b4e4204.jpg,1
5_99624131d7a10628.jpg,1
5_9de2c551ead4c54d.jpg,1
5_9e113f0426d60aaf.jpg,1
5_a42d3bda8502ae88.jpg,1
5_a7983501ca9127f3.jpg,1
5_b3ce2d7d57de928d.jpg,1
5_b5331859aeb05abd.jpg,1
5_b69e018cc124a22b.jpg,1
5_bf5a8bbca38d4c97.jpg,1
5_c64c84173ebe9bf6.jpg,1
5_ca7ca1c20d405ebd.jpg,1
5_d37d677ae0602400.jpg,1
5_d424b0bf7e556cbb.jpg,1
5_d8ad7dbbf33b18de.jpg,1
5_dd4fa1681b34653a.jpg,1
5_dea27fa62416fbb4.jpg,1
5_e6e8c67192a53350.jpg,1
5_f9c2b67a62785a55.jpg,1
5_fb02169b40d60461.jpg,1
6_0c68d78ca923d05f.jpg,1
6_0ef9839d497081cf.jpg,1
6_15b8a800daf1d25d.jpg,1
6_33ba526e834db764.jpg,1
6_3425610e789e7108.jpg,1
6_3593bdf1711424ae.jpg,1
6_3861314e34317148.jpg,1
6_4115398d4e0bc389.jpg,1
6_487256f84c493d2f.jpg,1
6_4cf3378ca9e6152b.jpg,1
6_542fe653c49176a5.jpg,1
6_5a88e7a589af1b31.jpg,1
6_5e884936fd30f554.jpg,1
6_6df2bf4f047c2ccc.jpg,1
6_7b116aeeecee1345.jpg,1
6_7becac98011e195e.jpg,1
6_7feb348283ac9f81.jpg,1
6_8080b1dc267c1279.jpg,1
6_8f68832c698c782e.jpg,1
6_95cd1d657b4e4204.jpg,1
6_9e113f0426d60aaf.jpg,1
6_a1dd30586181c7c7.jpg,1
6_b3ce2d7d57de928d.jpg,1
6_bf5a8bbca38d4c97.jpg,1
6_c09b5dbd4273e872.jpg,1
6_c64c84173ebe9bf6.jpg,1
6_d424b0bf7e556cbb.jpg,1
6_d6f4ea261f546399.jpg,1
6_dd4fa1681b34653a.jpg,1
6_e18c5c7eb8b811ef.jpg,1
6_e719f0bdca4f0610.jpg,1
6_f70f2deca1873a4e.jpg,1
6_fa59618743e60192.jpg,1
6_fb02169b40d60461.jpg,1
70_f82416a7690d3925.jpg,1
7_043420601c594528.jpg,1
7_204e9f84b3679038.jpg,1
7_2e4c2bbeebdd3379.jpg,1
7_3861314e34317148.jpg,1
7_4115398d4e0bc389.jpg,1
7_55741070d16907ac.jpg,1
7_5a88e7a589af1b31.jpg,1
7_660b9463fb6598fb.jpg,1
7_6bd2aba43f5584ae.jpg,1
7_77b9b1d4ab41a3a2.jpg,1
7_7961f4ef41ee1759.jpg,1
7_7feb348283ac9f81.jpg,1
7_901795f8562787ac.jpg,1
7_9e113f0426d60aaf.jpg,1
7_b2a460f32b53cd30.jpg,1
7_b6ea843c4925203c.jpg,1
7_bd316c6ec9735557.jpg,1
7_c64c84173ebe9bf6.jpg,1
7_ca7ca1c20d405ebd.jpg,1
7_d8ad7dbbf33b18de.jpg,1
7_d8caf6e794e8314e.jpg,1
7_e18c5c7eb8b811ef.jpg,1
7_ef4e0d831941541e.jpg,1
7_f004a10f723b8f7d.jpg,1
7_f0f9f4049b57bf36.jpg,1
7_fa39fd94aa9d807b.jpg,1
7_fa59618743e60192.jpg,1
8_0ef9839d497081cf.jpg,1
8_2e4c2bbeebdd3379.jpg,1
8_3593bdf1711424ae.jpg,1
8_487256f84c493d2f.jpg,1
8_6bd2aba43f5584ae.jpg,1
8_7becac98011e195e.jpg,1
8_9e113f0426d60aaf.jpg,1
8_a7983501ca9127f3.jpg,1
8_bf5a8bbca38d4c97.jpg,1
8_c09b5dbd4273e872.jpg,1
8_d424b0bf7e556cbb.jpg,1
8_d6876ecb1c66f291.jpg,1
8_f004a10f723b8f7d.jpg,1
8_fa59618743e60192.jpg,1
9_0ef9839d497081cf.jpg,1
9_42d29a0569e97da4.jpg,1
9_487256f84c493d2f.jpg,1
9_4b581c074ee14f99.jpg,1
9_7feb348283ac9f81.jpg,1
9_bf5a8bbca38d4c97.jpg,1
9_fa59618743e60192.jpg,1
